<?xml version="1.0" encoding="UTF-8"?>
<!DOCTYPE score-partwise PUBLIC "-//Recordare//DTD MusicXML 3.1 Partwise//EN" "http://www.musicxml.org/dtds/partwise.dtd">
<score-partwise version="3.1">
  <identification>
    <encoding>
      <software>MuseScore 3.6.2</software>
      <encoding-date>2025-02-27</encoding-date>
      <supports element="accidental" type="yes"/>
      <supports element="beam" type="yes"/>
      <supports element="print" attribute="new-page" type="yes" value="yes"/>
      <supports element="print" attribute="new-system" type="yes" value="yes"/>
      <supports element="stem" type="yes"/>
      </encoding>
    </identification>
  <defaults>
    <scaling>
      <millimeters>6.99911</millimeters>
      <tenths>40</tenths>
      </scaling>
    <page-layout>
      <page-height>1697.36</page-height>
      <page-width>1200.15</page-width>
      <page-margins type="even">
        <left-margin>85.7252</left-margin>
        <right-margin>85.7252</right-margin>
        <top-margin>85.7252</top-margin>
        <bottom-margin>85.7252</bottom-margin>
        </page-margins>
      <page-margins type="odd">
        <left-margin>85.7252</left-margin>
        <right-margin>85.7252</right-margin>
        <top-margin>85.7252</top-margin>
        <bottom-margin>85.7252</bottom-margin>
        </page-margins>
      </page-layout>
    <word-font font-family="Edwin" font-size="10"/>
    <lyric-font font-family="Edwin" font-size="10"/>
    </defaults>
  <part-list>
    <score-part id="P1">
      <part-name>Piano elettrico</part-name>
      <part-abbreviation>P-no el.</part-abbreviation>
      <score-instrument id="P1-I1">
        <instrument-name>Piano elettrico</instrument-name>
        </score-instrument>
      <midi-device id="P1-I1" port="1"></midi-device>
      <midi-instrument id="P1-I1">
        <midi-channel>1</midi-channel>
        <midi-program>5</midi-program>
        <volume>78.7402</volume>
        <pan>0</pan>
        </midi-instrument>
      </score-part>
    </part-list>
  <part id="P1">
    <measure number="1" width="189.73">
      <print>
        <system-layout>
          <system-margins>
            <left-margin>63.90</left-margin>
            <right-margin>0.00</right-margin>
            </system-margins>
          <top-system-distance>70.00</top-system-distance>
          </system-layout>
        <staff-layout number="2">
          <staff-distance>65.00</staff-distance>
          </staff-layout>
        </print>
      <attributes>
        <divisions>4</divisions>
        <key>
          <fifths>0</fifths>
          </key>
        <time>
          <beats>3</beats>
          <beat-type>4</beat-type>
          </time>
        <staves>2</staves>
        <clef number="1">
          <sign>F</sign>
          <line>4</line>
          </clef>
        <clef number="2">
          <sign>F</sign>
          <line>4</line>
          </clef>
        </attributes>
      <direction placement="above">
        <direction-type>
          <metronome parentheses="no" default-x="-49.94" relative-y="20.00">
            <beat-unit>quarter</beat-unit>
            <per-minute>184</per-minute>
            </metronome>
          </direction-type>
        <staff>1</staff>
        <sound tempo="184"/>
        </direction>
      <note default-x="95.73" default-y="-10.00" dynamics="81.11">
        <pitch>
          <step>F</step>
          <alter>1</alter>
          <octave>3</octave>
          </pitch>
        <duration>4</duration>
        <voice>1</voice>
        <type>quarter</type>
        <accidental>sharp</accidental>
        <stem>down</stem>
        <staff>1</staff>
        </note>
      <note default-x="126.46" default-y="-5.00" dynamics="82.22">
        <pitch>
          <step>G</step>
          <alter>1</alter>
          <octave>3</octave>
          </pitch>
        <duration>4</duration>
        <voice>1</voice>
        <type>quarter</type>
        <accidental>sharp</accidental>
        <stem>down</stem>
        <staff>1</staff>
        <notations>
          <articulations>
            <staccato/>
            </articulations>
          </notations>
        </note>
      <note default-x="157.20" default-y="0.00" dynamics="64.44">
        <pitch>
          <step>A</step>
          <octave>3</octave>
          </pitch>
        <duration>4</duration>
        <voice>1</voice>
        <type>quarter</type>
        <stem>down</stem>
        <staff>1</staff>
        <notations>
          <articulations>
            <staccato/>
            </articulations>
          </notations>
        </note>
      <backup>
        <duration>12</duration>
        </backup>
      <note>
        <rest measure="yes"/>
        <duration>12</duration>
        <voice>5</voice>
        <staff>2</staff>
        </note>
      </measure>
    <measure number="2" width="108.67">
      <note default-x="20.96" default-y="-5.00" dynamics="95.56">
        <pitch>
          <step>G</step>
          <alter>1</alter>
          <octave>3</octave>
          </pitch>
        <duration>4</duration>
        <voice>1</voice>
        <type>quarter</type>
        <accidental>sharp</accidental>
        <stem>down</stem>
        <staff>1</staff>
        <notations>
          <articulations>
            <staccato/>
            </articulations>
          </notations>
        </note>
      <note default-x="51.06" default-y="-15.00" dynamics="74.44">
        <pitch>
          <step>E</step>
          <octave>3</octave>
          </pitch>
        <duration>2</duration>
        <voice>1</voice>
        <type>eighth</type>
        <stem>down</stem>
        <staff>1</staff>
        </note>
      <note default-x="69.87" default-y="-10.00" dynamics="55.56">
        <pitch>
          <step>F</step>
          <octave>3</octave>
          </pitch>
        <duration>6</duration>
        <voice>1</voice>
        <type>quarter</type>
        <dot/>
        <stem>down</stem>
        <staff>1</staff>
        <notations>
          <articulations>
            <staccato/>
            </articulations>
          </notations>
        </note>
      <backup>
        <duration>12</duration>
        </backup>
      <note>
        <rest measure="yes"/>
        <duration>12</duration>
        <voice>5</voice>
        <staff>2</staff>
        </note>
      </measure>
    <measure number="3" width="127.30">
      <note>
        <rest/>
        <duration>4</duration>
        <voice>1</voice>
        <type>quarter</type>
        <staff>1</staff>
        </note>
      <note default-x="50.42" default-y="-5.00" dynamics="84.44">
        <pitch>
          <step>G</step>
          <alter>1</alter>
          <octave>3</octave>
          </pitch>
        <duration>2</duration>
        <voice>1</voice>
        <type>eighth</type>
        <accidental>sharp</accidental>
        <stem>down</stem>
        <staff>1</staff>
        </note>
      <note default-x="79.87" default-y="-10.00" dynamics="68.89">
        <pitch>
          <step>F</step>
          <alter>1</alter>
          <octave>3</octave>
          </pitch>
        <duration>6</duration>
        <voice>1</voice>
        <type>quarter</type>
        <dot/>
        <accidental>sharp</accidental>
        <stem>down</stem>
        <staff>1</staff>
        <notations>
          <articulations>
            <staccato/>
            </articulations>
          </notations>
        </note>
      <backup>
        <duration>12</duration>
        </backup>
      <note>
        <rest measure="yes"/>
        <duration>12</duration>
        <voice>5</voice>
        <staff>2</staff>
        </note>
      </measure>
    <measure number="4" width="157.16">
      <attributes>
        <clef number="1" after-barline="yes">
          <sign>G</sign>
          <line>2</line>
          </clef>
        </attributes>
      <note default-x="38.47" default-y="-25.00" dynamics="52.22">
        <pitch>
          <step>A</step>
          <octave>4</octave>
          </pitch>
        <duration>4</duration>
        <voice>1</voice>
        <type>quarter</type>
        <stem>up</stem>
        <staff>1</staff>
        </note>
      <note default-x="70.80" default-y="-65.00" dynamics="57.78">
        <pitch>
          <step>G</step>
          <octave>3</octave>
          </pitch>
        <duration>4</duration>
        <voice>1</voice>
        <type>quarter</type>
        <stem>up</stem>
        <staff>1</staff>
        <notations>
          <articulations>
            <staccato/>
            </articulations>
          </notations>
        </note>
      <attributes>
        <clef number="1">
          <sign>F</sign>
          <line>4</line>
          </clef>
        </attributes>
      <note default-x="123.04" default-y="0.00" dynamics="86.67">
        <pitch>
          <step>A</step>
          <octave>3</octave>
          </pitch>
        <duration>4</duration>
        <voice>1</voice>
        <type>quarter</type>
        <stem>down</stem>
        <staff>1</staff>
        <notations>
          <articulations>
            <staccato/>
            </articulations>
          </notations>
        </note>
      <backup>
        <duration>12</duration>
        </backup>
      <note default-x="38.47" default-y="-105.00" dynamics="68.89">
        <pitch>
          <step>A</step>
          <octave>3</octave>
          </pitch>
        <duration>4</duration>
        <voice>5</voice>
        <type>quarter</type>
        <stem>down</stem>
        <staff>2</staff>
        </note>
      <note>
        <rest/>
        <duration>4</duration>
        <voice>5</voice>
        <type>quarter</type>
        <staff>2</staff>
        </note>
      <note>
        <rest/>
        <duration>4</duration>
        <voice>5</voice>
        <type>quarter</type>
        <staff>2</staff>
        </note>
      </measure>
    <measure number="5" width="120.90">
      <note>
        <rest/>
        <duration>2</duration>
        <voice>1</voice>
        <type>eighth</type>
        <staff>1</staff>
        </note>
      <note default-x="31.94" default-y="-25.00" dynamics="85.56">
        <pitch>
          <step>C</step>
          <octave>3</octave>
          </pitch>
        <duration>2</duration>
        <voice>1</voice>
        <type>eighth</type>
        <stem>up</stem>
        <staff>1</staff>
        </note>
      <note default-x="58.50" default-y="-25.00" dynamics="68.89">
        <pitch>
          <step>C</step>
          <octave>3</octave>
          </pitch>
        <duration>4</duration>
        <voice>1</voice>
        <type>quarter</type>
        <stem>up</stem>
        <staff>1</staff>
        <notations>
          <articulations>
            <staccato/>
            </articulations>
          </notations>
        </note>
      <note>
        <rest/>
        <duration>4</duration>
        <voice>1</voice>
        <type>quarter</type>
        <staff>1</staff>
        </note>
      <backup>
        <duration>12</duration>
        </backup>
      <note>
        <rest measure="yes"/>
        <duration>12</duration>
        <voice>5</voice>
        <staff>2</staff>
        </note>
      </measure>
    <measure number="6" width="107.61">
      <note default-x="13.00" default-y="-25.00" dynamics="75.56">
        <pitch>
          <step>C</step>
          <octave>3</octave>
          </pitch>
        <duration>4</duration>
        <voice>1</voice>
        <type>quarter</type>
        <stem>up</stem>
        <staff>1</staff>
        <notations>
          <articulations>
            <staccato/>
            </articulations>
          </notations>
        </note>
      <note>
        <rest/>
        <duration>4</duration>
        <voice>1</voice>
        <type>quarter</type>
        <staff>1</staff>
        </note>
      <note default-x="62.38" default-y="-5.00" dynamics="72.22">
        <pitch>
          <step>G</step>
          <octave>3</octave>
          </pitch>
        <duration>2</duration>
        <voice>1</voice>
        <type>eighth</type>
        <stem>down</stem>
        <staff>1</staff>
        <beam number="1">begin</beam>
        </note>
      <note default-x="77.81" default-y="-5.00" dynamics="67.78">
        <pitch>
          <step>G</step>
          <octave>3</octave>
          </pitch>
        <duration>2</duration>
        <voice>1</voice>
        <type>eighth</type>
        <stem>down</stem>
        <staff>1</staff>
        <beam number="1">end</beam>
        </note>
      <backup>
        <duration>12</duration>
        </backup>
      <note>
        <rest measure="yes"/>
        <duration>12</duration>
        <voice>5</voice>
        <staff>2</staff>
        </note>
      </measure>
    <measure number="7" width="90.36">
      <note default-x="13.00" default-y="-5.00" dynamics="62.22">
        <pitch>
          <step>G</step>
          <octave>3</octave>
          </pitch>
        <duration>4</duration>
        <voice>1</voice>
        <type>quarter</type>
        <stem>down</stem>
        <staff>1</staff>
        </note>
      <note>
        <rest/>
        <duration>4</duration>
        <voice>1</voice>
        <type>quarter</type>
        <staff>1</staff>
        </note>
      <note default-x="60.57" default-y="-10.00" dynamics="68.89">
        <pitch>
          <step>F</step>
          <octave>3</octave>
          </pitch>
        <duration>4</duration>
        <voice>1</voice>
        <type>quarter</type>
        <stem>down</stem>
        <staff>1</staff>
        <notations>
          <articulations>
            <staccato/>
            </articulations>
          </notations>
        </note>
      <backup>
        <duration>12</duration>
        </backup>
      <note>
        <rest measure="yes"/>
        <duration>12</duration>
        <voice>5</voice>
        <staff>2</staff>
        </note>
      </measure>
    <measure number="8" width="63.07">
      <note>
        <rest measure="yes"/>
        <duration>12</duration>
        <voice>1</voice>
        <staff>1</staff>
        </note>
      <backup>
        <duration>12</duration>
        </backup>
      <note>
        <rest measure="yes"/>
        <duration>12</duration>
        <voice>5</voice>
        <staff>2</staff>
        </note>
      </measure>
    <measure number="9" width="154.41">
      <print new-system="yes">
        <system-layout>
          <system-margins>
            <left-margin>13.90</left-margin>
            <right-margin>0.00</right-margin>
            </system-margins>
          <system-distance>150.00</system-distance>
          </system-layout>
        <staff-layout number="2">
          <staff-distance>65.00</staff-distance>
          </staff-layout>
        </print>
      <note>
        <rest/>
        <duration>4</duration>
        <voice>1</voice>
        <type>quarter</type>
        <staff>1</staff>
        </note>
      <note>
        <rest/>
        <duration>4</duration>
        <voice>1</voice>
        <type>quarter</type>
        <staff>1</staff>
        </note>
      <note default-x="122.19" default-y="-15.00" dynamics="60.00">
        <pitch>
          <step>E</step>
          <octave>3</octave>
          </pitch>
        <duration>4</duration>
        <voice>1</voice>
        <type>quarter</type>
        <stem>down</stem>
        <staff>1</staff>
        </note>
      <backup>
        <duration>12</duration>
        </backup>
      <note>
        <rest measure="yes"/>
        <duration>12</duration>
        <voice>5</voice>
        <staff>2</staff>
        </note>
      </measure>
    <measure number="10" width="153.85">
      <note>
        <rest/>
        <duration>4</duration>
        <voice>1</voice>
        <type>quarter</type>
        <staff>1</staff>
        </note>
      <note default-x="47.61" default-y="-30.00" dynamics="54.44">
        <pitch>
          <step>B</step>
          <octave>2</octave>
          </pitch>
        <duration>2</duration>
        <voice>1</voice>
        <type>eighth</type>
        <stem>up</stem>
        <staff>1</staff>
        <beam number="1">begin</beam>
        </note>
      <note default-x="69.24" default-y="-25.00" dynamics="45.56">
        <pitch>
          <step>C</step>
          <octave>3</octave>
          </pitch>
        <duration>2</duration>
        <voice>1</voice>
        <type>eighth</type>
        <stem>up</stem>
        <staff>1</staff>
        <beam number="1">end</beam>
        </note>
      <note>
        <rest/>
        <duration>2</duration>
        <voice>1</voice>
        <type>eighth</type>
        <staff>1</staff>
        </note>
      <note default-x="112.50" default-y="-25.00" dynamics="41.11">
        <pitch>
          <step>C</step>
          <octave>3</octave>
          </pitch>
        <duration>2</duration>
        <voice>1</voice>
        <type>eighth</type>
        <stem>up</stem>
        <staff>1</staff>
        </note>
      <backup>
        <duration>12</duration>
        </backup>
      <note>
        <rest measure="yes"/>
        <duration>12</duration>
        <voice>5</voice>
        <staff>2</staff>
        </note>
      </measure>
    <measure number="11" width="135.16">
      <note default-x="13.00" default-y="-25.00" dynamics="81.11">
        <pitch>
          <step>C</step>
          <octave>3</octave>
          </pitch>
        <duration>4</duration>
        <voice>1</voice>
        <type>quarter</type>
        <stem>up</stem>
        <staff>1</staff>
        </note>
      <note default-x="46.53" default-y="-15.00" dynamics="67.78">
        <pitch>
          <step>E</step>
          <octave>3</octave>
          </pitch>
        <duration>4</duration>
        <voice>1</voice>
        <type>quarter</type>
        <stem>down</stem>
        <staff>1</staff>
        </note>
      <note>
        <rest/>
        <duration>2</duration>
        <voice>1</voice>
        <type>eighth</type>
        <staff>1</staff>
        </note>
      <note default-x="105.36" default-y="-10.00" dynamics="32.22">
        <pitch>
          <step>F</step>
          <alter>1</alter>
          <octave>3</octave>
          </pitch>
        <duration>2</duration>
        <voice>1</voice>
        <type>eighth</type>
        <accidental>sharp</accidental>
        <stem>down</stem>
        <staff>1</staff>
        </note>
      <backup>
        <duration>12</duration>
        </backup>
      <note>
        <rest measure="yes"/>
        <duration>12</duration>
        <voice>5</voice>
        <staff>2</staff>
        </note>
      </measure>
    <measure number="12" width="114.03">
      <note default-x="20.96" default-y="-10.00" dynamics="85.56">
        <pitch>
          <step>F</step>
          <alter>1</alter>
          <octave>3</octave>
          </pitch>
        <duration>4</duration>
        <voice>1</voice>
        <type>quarter</type>
        <accidental>sharp</accidental>
        <stem>down</stem>
        <staff>1</staff>
        <notations>
          <articulations>
            <staccato/>
            </articulations>
          </notations>
        </note>
      <note default-x="51.38" default-y="-5.00" dynamics="62.22">
        <pitch>
          <step>G</step>
          <octave>3</octave>
          </pitch>
        <duration>4</duration>
        <voice>1</voice>
        <type>quarter</type>
        <stem>down</stem>
        <staff>1</staff>
        <notations>
          <articulations>
            <staccato/>
            </articulations>
          </notations>
        </note>
      <note default-x="81.80" default-y="-15.00" dynamics="72.22">
        <pitch>
          <step>E</step>
          <octave>3</octave>
          </pitch>
        <duration>4</duration>
        <voice>1</voice>
        <type>quarter</type>
        <stem>down</stem>
        <staff>1</staff>
        </note>
      <backup>
        <duration>12</duration>
        </backup>
      <note>
        <rest measure="yes"/>
        <duration>12</duration>
        <voice>5</voice>
        <staff>2</staff>
        </note>
      </measure>
    <measure number="13" width="161.51">
      <note default-x="13.00" default-y="-15.00" dynamics="81.11">
        <pitch>
          <step>E</step>
          <octave>3</octave>
          </pitch>
        <duration>4</duration>
        <voice>1</voice>
        <type>quarter</type>
        <stem>down</stem>
        <staff>1</staff>
        <notations>
          <articulations>
            <staccato/>
            </articulations>
          </notations>
        </note>
      <note>
        <rest/>
        <duration>4</duration>
        <voice>1</voice>
        <type>quarter</type>
        <staff>1</staff>
        </note>
      <note>
        <rest/>
        <duration>2</duration>
        <voice>1</voice>
        <type>eighth</type>
        <staff>1</staff>
        </note>
      <attributes>
        <clef number="1">
          <sign>G</sign>
          <line>2</line>
          </clef>
        </attributes>
      <note default-x="131.71" default-y="-15.00" dynamics="60.00">
        <pitch>
          <step>C</step>
          <octave>5</octave>
          </pitch>
        <duration>2</duration>
        <voice>1</voice>
        <type>eighth</type>
        <stem>down</stem>
        <staff>1</staff>
        </note>
      <backup>
        <duration>12</duration>
        </backup>
      <note>
        <rest/>
        <duration>4</duration>
        <voice>5</voice>
        <type>quarter</type>
        <staff>2</staff>
        </note>
      <note>
        <rest/>
        <duration>4</duration>
        <voice>5</voice>
        <type>quarter</type>
        <staff>2</staff>
        </note>
      <note>
        <rest/>
        <duration>2</duration>
        <voice>5</voice>
        <type>eighth</type>
        <staff>2</staff>
        </note>
      <note default-x="131.71" default-y="-115.00" dynamics="73.33">
        <pitch>
          <step>F</step>
          <octave>3</octave>
          </pitch>
        <duration>2</duration>
        <voice>5</voice>
        <type>eighth</type>
        <stem>down</stem>
        <staff>2</staff>
        </note>
      </measure>
    <measure number="14" width="180.92">
      <attributes>
        <clef number="1" after-barline="yes">
          <sign>F</sign>
          <line>4</line>
          </clef>
        </attributes>
      <note default-x="39.25" default-y="-15.00" dynamics="65.56">
        <pitch>
          <step>E</step>
          <octave>3</octave>
          </pitch>
        <duration>2</duration>
        <voice>1</voice>
        <type>eighth</type>
        <stem>down</stem>
        <staff>1</staff>
        </note>
      <note>
        <rest/>
        <duration>1</duration>
        <voice>1</voice>
        <type>16th</type>
        <staff>1</staff>
        </note>
      <note default-x="91.56" default-y="-15.00" dynamics="67.78">
        <pitch>
          <step>E</step>
          <alter>-1</alter>
          <octave>3</octave>
          </pitch>
        <duration>1</duration>
        <tie type="start"/>
        <voice>1</voice>
        <type>16th</type>
        <accidental>flat</accidental>
        <stem>down</stem>
        <staff>1</staff>
        <notations>
          <tied type="start"/>
          </notations>
        </note>
      <note default-x="107.78" default-y="-15.00" dynamics="67.78">
        <pitch>
          <step>E</step>
          <alter>-1</alter>
          <octave>3</octave>
          </pitch>
        <duration>4</duration>
        <tie type="stop"/>
        <voice>1</voice>
        <type>quarter</type>
        <stem>down</stem>
        <staff>1</staff>
        <notations>
          <tied type="stop"/>
          </notations>
        </note>
      <note default-x="143.45" default-y="-30.00" dynamics="75.56">
        <pitch>
          <step>B</step>
          <octave>2</octave>
          </pitch>
        <duration>4</duration>
        <voice>1</voice>
        <type>quarter</type>
        <stem>up</stem>
        <staff>1</staff>
        </note>
      <backup>
        <duration>12</duration>
        </backup>
      <note>
        <rest measure="yes"/>
        <duration>12</duration>
        <voice>5</voice>
        <staff>2</staff>
        </note>
      </measure>
    <measure number="15" width="114.92">
      <note>
        <rest/>
        <duration>4</duration>
        <voice>1</voice>
        <type>quarter</type>
        <staff>1</staff>
        </note>
      <note default-x="43.42" default-y="-75.00" dynamics="52.22">
        <pitch>
          <step>G</step>
          <octave>1</octave>
          </pitch>
        <duration>4</duration>
        <voice>1</voice>
        <type>quarter</type>
        <stem>up</stem>
        <staff>1</staff>
        <notations>
          <articulations>
            <staccato/>
            </articulations>
          </notations>
        </note>
      <note>
        <rest/>
        <duration>4</duration>
        <voice>1</voice>
        <type>quarter</type>
        <staff>1</staff>
        </note>
      <backup>
        <duration>12</duration>
        </backup>
      <note>
        <rest measure="yes"/>
        <duration>12</duration>
        <voice>5</voice>
        <staff>2</staff>
        </note>
      <barline location="right">
        <bar-style>light-heavy</bar-style>
        </barline>
      </measure>
    </part>
  </score-partwise>
