<?xml version="1.0" encoding="UTF-8"?>
<!DOCTYPE score-partwise PUBLIC "-//Recordare//DTD MusicXML 3.1 Partwise//EN" "http://www.musicxml.org/dtds/partwise.dtd">
<score-partwise version="3.1">
  <identification>
    <encoding>
      <software>MuseScore 3.6.2</software>
      <encoding-date>2025-02-27</encoding-date>
      <supports element="accidental" type="yes"/>
      <supports element="beam" type="yes"/>
      <supports element="print" attribute="new-page" type="yes" value="yes"/>
      <supports element="print" attribute="new-system" type="yes" value="yes"/>
      <supports element="stem" type="yes"/>
      </encoding>
    </identification>
  <defaults>
    <scaling>
      <millimeters>6.99911</millimeters>
      <tenths>40</tenths>
      </scaling>
    <page-layout>
      <page-height>1697.36</page-height>
      <page-width>1200.15</page-width>
      <page-margins type="even">
        <left-margin>85.7252</left-margin>
        <right-margin>85.7252</right-margin>
        <top-margin>85.7252</top-margin>
        <bottom-margin>85.7252</bottom-margin>
        </page-margins>
      <page-margins type="odd">
        <left-margin>85.7252</left-margin>
        <right-margin>85.7252</right-margin>
        <top-margin>85.7252</top-margin>
        <bottom-margin>85.7252</bottom-margin>
        </page-margins>
      </page-layout>
    <word-font font-family="Edwin" font-size="10"/>
    <lyric-font font-family="Edwin" font-size="10"/>
    </defaults>
  <part-list>
    <score-part id="P1">
      <part-name>Piano elettrico</part-name>
      <part-abbreviation>P-no el.</part-abbreviation>
      <score-instrument id="P1-I1">
        <instrument-name>Piano elettrico</instrument-name>
        </score-instrument>
      <midi-device id="P1-I1" port="1"></midi-device>
      <midi-instrument id="P1-I1">
        <midi-channel>1</midi-channel>
        <midi-program>5</midi-program>
        <volume>78.7402</volume>
        <pan>0</pan>
        </midi-instrument>
      </score-part>
    </part-list>
  <part id="P1">
    <measure number="1" width="335.26">
      <print>
        <system-layout>
          <system-margins>
            <left-margin>63.90</left-margin>
            <right-margin>0.00</right-margin>
            </system-margins>
          <top-system-distance>70.00</top-system-distance>
          </system-layout>
        <staff-layout number="2">
          <staff-distance>68.80</staff-distance>
          </staff-layout>
        </print>
      <attributes>
        <divisions>24</divisions>
        <key>
          <fifths>-5</fifths>
          </key>
        <time>
          <beats>3</beats>
          <beat-type>4</beat-type>
          </time>
        <staves>2</staves>
        <clef number="1">
          <sign>G</sign>
          <line>2</line>
          </clef>
        <clef number="2">
          <sign>F</sign>
          <line>4</line>
          </clef>
        </attributes>
      <direction placement="above">
        <direction-type>
          <metronome parentheses="no" default-x="-41.18" relative-y="20.00">
            <beat-unit>quarter</beat-unit>
            <per-minute>107</per-minute>
            </metronome>
          </direction-type>
        <staff>1</staff>
        <sound tempo="107"/>
        </direction>
      <note default-x="145.11" default-y="-55.00" dynamics="92.22">
        <pitch>
          <step>B</step>
          <alter>-1</alter>
          <octave>3</octave>
          </pitch>
        <duration>12</duration>
        <voice>1</voice>
        <type>eighth</type>
        <stem>up</stem>
        <staff>1</staff>
        <beam number="1">begin</beam>
        <notations>
          <articulations>
            <staccato/>
            </articulations>
          </notations>
        </note>
      <note default-x="172.14" default-y="-60.00" dynamics="53.33">
        <pitch>
          <step>A</step>
          <alter>-1</alter>
          <octave>3</octave>
          </pitch>
        <duration>12</duration>
        <voice>1</voice>
        <type>eighth</type>
        <stem>up</stem>
        <staff>1</staff>
        <beam number="1">end</beam>
        </note>
      <note default-x="199.17" default-y="-20.00" dynamics="60.00">
        <pitch>
          <step>B</step>
          <alter>-1</alter>
          <octave>4</octave>
          </pitch>
        <duration>12</duration>
        <voice>1</voice>
        <type>eighth</type>
        <stem>up</stem>
        <staff>1</staff>
        <beam number="1">begin</beam>
        </note>
      <note default-x="226.20" default-y="-25.00" dynamics="73.33">
        <pitch>
          <step>A</step>
          <octave>4</octave>
          </pitch>
        <duration>12</duration>
        <voice>1</voice>
        <type>eighth</type>
        <accidental>natural</accidental>
        <stem>up</stem>
        <staff>1</staff>
        <beam number="1">end</beam>
        <notations>
          <articulations>
            <staccato/>
            </articulations>
          </notations>
        </note>
      <note default-x="253.23" default-y="-55.00" dynamics="87.78">
        <pitch>
          <step>B</step>
          <alter>-1</alter>
          <octave>3</octave>
          </pitch>
        <duration>18</duration>
        <voice>1</voice>
        <type>eighth</type>
        <dot/>
        <stem>up</stem>
        <staff>1</staff>
        <beam number="1">begin</beam>
        <notations>
          <articulations>
            <staccato/>
            </articulations>
          </notations>
        </note>
      <attributes>
        <clef number="1">
          <sign>F</sign>
          <line>4</line>
          </clef>
        </attributes>
      <note default-x="305.46" default-y="-5.00" dynamics="78.89">
        <pitch>
          <step>G</step>
          <alter>-1</alter>
          <octave>3</octave>
          </pitch>
        <duration>6</duration>
        <voice>1</voice>
        <type>16th</type>
        <stem>up</stem>
        <staff>1</staff>
        <beam number="1">end</beam>
        <beam number="2">backward hook</beam>
        </note>
      <backup>
        <duration>72</duration>
        </backup>
      <note>
        <rest/>
        <duration>24</duration>
        <voice>5</voice>
        <type>quarter</type>
        <staff>2</staff>
        </note>
      <note default-x="199.17" default-y="-103.80" dynamics="58.89">
        <pitch>
          <step>B</step>
          <alter>-1</alter>
          <octave>3</octave>
          </pitch>
        <duration>12</duration>
        <voice>5</voice>
        <type>eighth</type>
        <stem>down</stem>
        <staff>2</staff>
        <beam number="1">begin</beam>
        </note>
      <note default-x="226.20" default-y="-108.80" dynamics="80.00">
        <pitch>
          <step>A</step>
          <octave>3</octave>
          </pitch>
        <duration>12</duration>
        <voice>5</voice>
        <type>eighth</type>
        <accidental>natural</accidental>
        <stem>down</stem>
        <staff>2</staff>
        <beam number="1">end</beam>
        <notations>
          <articulations>
            <staccato/>
            </articulations>
          </notations>
        </note>
      <note>
        <rest/>
        <duration>24</duration>
        <voice>5</voice>
        <type>quarter</type>
        <staff>2</staff>
        </note>
      </measure>
    <measure number="2" width="106.02">
      <note default-x="13.00" default-y="-5.00" dynamics="75.56">
        <pitch>
          <step>G</step>
          <alter>-1</alter>
          <octave>3</octave>
          </pitch>
        <duration>24</duration>
        <voice>1</voice>
        <type>quarter</type>
        <stem>down</stem>
        <staff>1</staff>
        <notations>
          <articulations>
            <staccato/>
            </articulations>
          </notations>
        </note>
      <note default-x="37.08" default-y="5.00" dynamics="45.56">
        <pitch>
          <step>B</step>
          <alter>-1</alter>
          <octave>3</octave>
          </pitch>
        <duration>24</duration>
        <voice>1</voice>
        <type>quarter</type>
        <stem>down</stem>
        <staff>1</staff>
        <notations>
          <articulations>
            <staccato/>
            </articulations>
          </notations>
        </note>
      <note default-x="61.17" default-y="0.00" dynamics="74.44">
        <pitch>
          <step>A</step>
          <alter>-1</alter>
          <octave>3</octave>
          </pitch>
        <duration>12</duration>
        <voice>1</voice>
        <type>eighth</type>
        <stem>down</stem>
        <staff>1</staff>
        <beam number="1">begin</beam>
        <notations>
          <articulations>
            <staccato/>
            </articulations>
          </notations>
        </note>
      <note default-x="76.22" default-y="5.00" dynamics="41.11">
        <pitch>
          <step>B</step>
          <alter>-1</alter>
          <octave>3</octave>
          </pitch>
        <duration>12</duration>
        <voice>1</voice>
        <type>eighth</type>
        <stem>down</stem>
        <staff>1</staff>
        <beam number="1">end</beam>
        </note>
      <backup>
        <duration>72</duration>
        </backup>
      <note>
        <rest measure="yes"/>
        <duration>72</duration>
        <voice>5</voice>
        <staff>2</staff>
        </note>
      </measure>
    <measure number="3" width="93.81">
      <note default-x="18.04" default-y="0.00" dynamics="83.33">
        <pitch>
          <step>A</step>
          <octave>3</octave>
          </pitch>
        <duration>24</duration>
        <voice>1</voice>
        <type>quarter</type>
        <accidental>natural</accidental>
        <stem>down</stem>
        <staff>1</staff>
        <notations>
          <articulations>
            <staccato/>
            </articulations>
          </notations>
        </note>
      <note default-x="41.02" default-y="-25.00" dynamics="43.33">
        <pitch>
          <step>C</step>
          <octave>3</octave>
          </pitch>
        <duration>24</duration>
        <voice>1</voice>
        <type>quarter</type>
        <stem>up</stem>
        <staff>1</staff>
        <notations>
          <articulations>
            <staccato/>
            </articulations>
          </notations>
        </note>
      <note>
        <rest/>
        <duration>24</duration>
        <voice>1</voice>
        <type>quarter</type>
        <staff>1</staff>
        </note>
      <backup>
        <duration>72</duration>
        </backup>
      <note>
        <rest measure="yes"/>
        <duration>72</duration>
        <voice>5</voice>
        <staff>2</staff>
        </note>
      </measure>
    <measure number="4" width="176.98">
      <note>
        <rest/>
        <duration>12</duration>
        <voice>1</voice>
        <type>eighth</type>
        <staff>1</staff>
        </note>
      <note default-x="39.43" default-y="0.00" dynamics="65.56">
        <pitch>
          <step>A</step>
          <alter>-1</alter>
          <octave>3</octave>
          </pitch>
        <duration>12</duration>
        <voice>1</voice>
        <type>eighth</type>
        <stem>down</stem>
        <staff>1</staff>
        </note>
      <note default-x="65.97" default-y="-5.00" dynamics="101.11">
        <pitch>
          <step>G</step>
          <octave>3</octave>
          </pitch>
        <duration>8</duration>
        <voice>1</voice>
        <type>eighth</type>
        <accidental>natural</accidental>
        <time-modification>
          <actual-notes>3</actual-notes>
          <normal-notes>2</normal-notes>
          <normal-type>eighth</normal-type>
          </time-modification>
        <stem>down</stem>
        <staff>1</staff>
        <notations>
          <tuplet type="start" bracket="yes"/>
          </notations>
        </note>
      <note default-x="85.53" default-y="-5.00" dynamics="91.11">
        <pitch>
          <step>G</step>
          <octave>3</octave>
          </pitch>
        <duration>16</duration>
        <voice>1</voice>
        <type>quarter</type>
        <time-modification>
          <actual-notes>3</actual-notes>
          <normal-notes>2</normal-notes>
          <normal-type>eighth</normal-type>
          </time-modification>
        <stem>down</stem>
        <staff>1</staff>
        <notations>
          <tuplet type="stop"/>
          </notations>
        </note>
      <attributes>
        <clef number="1">
          <sign>G</sign>
          <line>2</line>
          </clef>
        </attributes>
      <note default-x="137.01" default-y="-30.00" dynamics="67.78">
        <pitch>
          <step>G</step>
          <alter>-1</alter>
          <octave>4</octave>
          </pitch>
        <duration>24</duration>
        <voice>1</voice>
        <type>quarter</type>
        <stem>up</stem>
        <staff>1</staff>
        <notations>
          <articulations>
            <staccato/>
            </articulations>
          </notations>
        </note>
      <backup>
        <duration>72</duration>
        </backup>
      <note>
        <rest/>
        <duration>24</duration>
        <voice>5</voice>
        <type>quarter</type>
        <staff>2</staff>
        </note>
      <note>
        <rest/>
        <duration>24</duration>
        <voice>5</voice>
        <type>quarter</type>
        <staff>2</staff>
        </note>
      <note default-x="137.01" default-y="-113.80" dynamics="94.44">
        <pitch>
          <step>G</step>
          <alter>-1</alter>
          <octave>3</octave>
          </pitch>
        <duration>24</duration>
        <voice>5</voice>
        <type>quarter</type>
        <stem>down</stem>
        <staff>2</staff>
        <notations>
          <articulations>
            <staccato/>
            </articulations>
          </notations>
        </note>
      </measure>
    <measure number="5" width="252.74">
      <note default-x="16.50" default-y="-65.00" dynamics="37.78">
        <pitch>
          <step>G</step>
          <alter>-1</alter>
          <octave>3</octave>
          </pitch>
        <duration>8</duration>
        <voice>1</voice>
        <type>eighth</type>
        <time-modification>
          <actual-notes>3</actual-notes>
          <normal-notes>2</normal-notes>
          </time-modification>
        <stem>up</stem>
        <staff>1</staff>
        <notations>
          <tuplet type="start" bracket="yes"/>
          </notations>
        </note>
      <note>
        <rest/>
        <duration>8</duration>
        <voice>1</voice>
        <type>eighth</type>
        <time-modification>
          <actual-notes>3</actual-notes>
          <normal-notes>2</normal-notes>
          </time-modification>
        <staff>1</staff>
        </note>
      <note default-x="72.76" default-y="-30.00" dynamics="76.67">
        <pitch>
          <step>G</step>
          <alter>-1</alter>
          <octave>4</octave>
          </pitch>
        <duration>8</duration>
        <voice>1</voice>
        <type>eighth</type>
        <time-modification>
          <actual-notes>3</actual-notes>
          <normal-notes>2</normal-notes>
          </time-modification>
        <stem>up</stem>
        <staff>1</staff>
        <notations>
          <tuplet type="stop"/>
          </notations>
        </note>
      <note>
        <rest/>
        <duration>12</duration>
        <voice>1</voice>
        <type>eighth</type>
        <staff>1</staff>
        </note>
      <backup>
        <duration>3</duration>
        </backup>
      <attributes>
        <clef number="1">
          <sign>F</sign>
          <line>4</line>
          </clef>
        </attributes>
      <forward>
        <duration>3</duration>
        </forward>
      <note default-x="173.29" default-y="30.00" dynamics="71.11">
        <pitch>
          <step>G</step>
          <alter>-1</alter>
          <octave>4</octave>
          </pitch>
        <duration>6</duration>
        <voice>1</voice>
        <type>16th</type>
        <stem>up</stem>
        <staff>1</staff>
        <beam number="1">begin</beam>
        <beam number="2">begin</beam>
        </note>
      <note default-x="194.00" default-y="-5.00" dynamics="75.56">
        <pitch>
          <step>G</step>
          <alter>-1</alter>
          <octave>3</octave>
          </pitch>
        <duration>6</duration>
        <voice>1</voice>
        <type>16th</type>
        <stem>up</stem>
        <staff>1</staff>
        <beam number="1">end</beam>
        <beam number="2">end</beam>
        </note>
      <note>
        <rest/>
        <duration>24</duration>
        <voice>1</voice>
        <type>quarter</type>
        <staff>1</staff>
        </note>
      <backup>
        <duration>72</duration>
        </backup>
      <note>
        <rest/>
        <duration>24</duration>
        <voice>2</voice>
        <type>quarter</type>
        <staff>1</staff>
        </note>
      <note>
        <rest/>
        <duration>6</duration>
        <voice>2</voice>
        <type>16th</type>
        <staff>1</staff>
        </note>
      <note>
        <rest/>
        <duration>3</duration>
        <voice>2</voice>
        <type>32nd</type>
        <staff>1</staff>
        </note>
      <note default-x="145.17" default-y="-5.00" dynamics="95.56">
        <pitch>
          <step>G</step>
          <alter>-1</alter>
          <octave>3</octave>
          </pitch>
        <duration>3</duration>
        <tie type="start"/>
        <voice>2</voice>
        <type>32nd</type>
        <stem>down</stem>
        <staff>1</staff>
        <beam number="1">begin</beam>
        <beam number="2">forward hook</beam>
        <beam number="3">forward hook</beam>
        <notations>
          <tied type="start"/>
          </notations>
        </note>
      <note default-x="173.29" default-y="-5.00" dynamics="95.56">
        <pitch>
          <step>G</step>
          <alter>-1</alter>
          <octave>3</octave>
          </pitch>
        <duration>12</duration>
        <tie type="stop"/>
        <voice>2</voice>
        <type>eighth</type>
        <stem>down</stem>
        <staff>1</staff>
        <beam number="1">end</beam>
        <notations>
          <tied type="stop"/>
          </notations>
        </note>
      <note>
        <rest/>
        <duration>24</duration>
        <voice>2</voice>
        <type>quarter</type>
        <staff>1</staff>
        </note>
      <backup>
        <duration>72</duration>
        </backup>
      <note>
        <rest/>
        <duration>12</duration>
        <voice>5</voice>
        <type>eighth</type>
        <staff>2</staff>
        </note>
      <note default-x="56.59" default-y="-113.80" dynamics="82.22">
        <pitch>
          <step>G</step>
          <alter>-1</alter>
          <octave>3</octave>
          </pitch>
        <duration>12</duration>
        <voice>5</voice>
        <type>eighth</type>
        <stem>down</stem>
        <staff>2</staff>
        </note>
      <note>
        <rest/>
        <duration>24</duration>
        <voice>5</voice>
        <type>quarter</type>
        <staff>2</staff>
        </note>
      <note>
        <rest/>
        <duration>24</duration>
        <voice>5</voice>
        <type>quarter</type>
        <staff>2</staff>
        </note>
      </measure>
    <measure number="6" width="210.77">
      <print new-system="yes">
        <system-layout>
          <system-margins>
            <left-margin>13.90</left-margin>
            <right-margin>0.00</right-margin>
            </system-margins>
          <system-distance>101.20</system-distance>
          </system-layout>
        <staff-layout number="2">
          <staff-distance>65.00</staff-distance>
          </staff-layout>
        </print>
      <note default-x="119.47" default-y="-25.00" dynamics="57.78">
        <pitch>
          <step>C</step>
          <octave>3</octave>
          </pitch>
        <duration>24</duration>
        <voice>1</voice>
        <type>quarter</type>
        <stem>up</stem>
        <staff>1</staff>
        <notations>
          <articulations>
            <staccato/>
            </articulations>
          </notations>
        </note>
      <note>
        <rest/>
        <duration>24</duration>
        <voice>1</voice>
        <type>quarter</type>
        <staff>1</staff>
        </note>
      <note>
        <rest/>
        <duration>12</duration>
        <voice>1</voice>
        <type>eighth</type>
        <staff>1</staff>
        </note>
      <note default-x="180.97" default-y="5.00" dynamics="75.56">
        <pitch>
          <step>B</step>
          <alter>-1</alter>
          <octave>3</octave>
          </pitch>
        <duration>12</duration>
        <voice>1</voice>
        <type>eighth</type>
        <stem>down</stem>
        <staff>1</staff>
        </note>
      <backup>
        <duration>72</duration>
        </backup>
      <note>
        <rest measure="yes"/>
        <duration>72</duration>
        <voice>5</voice>
        <staff>2</staff>
        </note>
      </measure>
    <measure number="7" width="199.70">
      <note>
        <rest/>
        <duration>12</duration>
        <voice>1</voice>
        <type>eighth</type>
        <staff>1</staff>
        </note>
      <note>
        <rest/>
        <duration>6</duration>
        <voice>1</voice>
        <type>16th</type>
        <staff>1</staff>
        </note>
      <note default-x="55.45" default-y="5.00" dynamics="46.67">
        <pitch>
          <step>B</step>
          <alter>-1</alter>
          <octave>3</octave>
          </pitch>
        <duration>6</duration>
        <voice>1</voice>
        <type>16th</type>
        <stem>down</stem>
        <staff>1</staff>
        </note>
      <note default-x="72.82" default-y="0.00" dynamics="85.56">
        <pitch>
          <step>A</step>
          <alter>-1</alter>
          <octave>3</octave>
          </pitch>
        <duration>4</duration>
        <voice>1</voice>
        <type>16th</type>
        <time-modification>
          <actual-notes>3</actual-notes>
          <normal-notes>2</normal-notes>
          <normal-type>eighth</normal-type>
          </time-modification>
        <stem>down</stem>
        <staff>1</staff>
        <beam number="1">begin</beam>
        <beam number="2">begin</beam>
        <notations>
          <tuplet type="start" bracket="yes"/>
          </notations>
        </note>
      <note default-x="99.36" default-y="0.00" dynamics="54.44">
        <pitch>
          <step>A</step>
          <octave>3</octave>
          </pitch>
        <duration>4</duration>
        <tie type="start"/>
        <voice>1</voice>
        <type>16th</type>
        <accidental>natural</accidental>
        <time-modification>
          <actual-notes>3</actual-notes>
          <normal-notes>2</normal-notes>
          <normal-type>eighth</normal-type>
          </time-modification>
        <stem>down</stem>
        <staff>1</staff>
        <beam number="1">end</beam>
        <beam number="2">end</beam>
        <notations>
          <tied type="start"/>
          </notations>
        </note>
      <note default-x="115.26" default-y="0.00" dynamics="54.44">
        <pitch>
          <step>A</step>
          <octave>3</octave>
          </pitch>
        <duration>16</duration>
        <tie type="stop"/>
        <voice>1</voice>
        <type>quarter</type>
        <time-modification>
          <actual-notes>3</actual-notes>
          <normal-notes>2</normal-notes>
          <normal-type>eighth</normal-type>
          </time-modification>
        <stem>down</stem>
        <staff>1</staff>
        <notations>
          <tied type="stop"/>
          <tuplet type="stop"/>
          </notations>
        </note>
      <note>
        <rest/>
        <duration>6</duration>
        <voice>1</voice>
        <type>16th</type>
        <staff>1</staff>
        </note>
      <note default-x="160.91" default-y="25.00" dynamics="64.44">
        <pitch>
          <step>F</step>
          <octave>4</octave>
          </pitch>
        <duration>18</duration>
        <voice>1</voice>
        <type>eighth</type>
        <dot/>
        <stem>down</stem>
        <staff>1</staff>
        <notations>
          <articulations>
            <staccato/>
            </articulations>
          </notations>
        </note>
      <backup>
        <duration>72</duration>
        </backup>
      <note>
        <rest/>
        <duration>24</duration>
        <voice>5</voice>
        <type>quarter</type>
        <staff>2</staff>
        </note>
      <note>
        <rest/>
        <duration>24</duration>
        <voice>5</voice>
        <type>quarter</type>
        <staff>2</staff>
        </note>
      <note>
        <rest/>
        <duration>6</duration>
        <voice>5</voice>
        <type>16th</type>
        <staff>2</staff>
        </note>
      <note default-x="160.91" default-y="-115.00" dynamics="81.11">
        <pitch>
          <step>F</step>
          <octave>3</octave>
          </pitch>
        <duration>18</duration>
        <voice>5</voice>
        <type>eighth</type>
        <dot/>
        <stem>down</stem>
        <staff>2</staff>
        <notations>
          <articulations>
            <staccato/>
            </articulations>
          </notations>
        </note>
      </measure>
    <measure number="8" width="198.05">
      <note default-x="13.00" default-y="-10.00" dynamics="83.33">
        <pitch>
          <step>F</step>
          <octave>3</octave>
          </pitch>
        <duration>12</duration>
        <voice>1</voice>
        <type>eighth</type>
        <stem>down</stem>
        <staff>1</staff>
        <beam number="1">begin</beam>
        </note>
      <note default-x="40.82" default-y="-10.00" dynamics="80.00">
        <pitch>
          <step>F</step>
          <alter>-1</alter>
          <octave>3</octave>
          </pitch>
        <duration>12</duration>
        <voice>1</voice>
        <type>eighth</type>
        <accidental>flat</accidental>
        <stem>down</stem>
        <staff>1</staff>
        <beam number="1">end</beam>
        <notations>
          <articulations>
            <staccato/>
            </articulations>
          </notations>
        </note>
      <note default-x="67.92" default-y="-5.00" dynamics="92.22">
        <pitch>
          <step>G</step>
          <octave>3</octave>
          </pitch>
        <duration>16</duration>
        <voice>1</voice>
        <type>quarter</type>
        <accidental>natural</accidental>
        <time-modification>
          <actual-notes>3</actual-notes>
          <normal-notes>2</normal-notes>
          <normal-type>eighth</normal-type>
          </time-modification>
        <stem>down</stem>
        <staff>1</staff>
        <notations>
          <tuplet type="start" bracket="yes"/>
          </notations>
        </note>
      <attributes>
        <clef number="1">
          <sign>G</sign>
          <line>2</line>
          </clef>
        </attributes>
      <note default-x="118.92" default-y="-20.00" dynamics="58.89">
        <pitch>
          <step>B</step>
          <alter>-1</alter>
          <octave>4</octave>
          </pitch>
        <duration>8</duration>
        <voice>1</voice>
        <type>eighth</type>
        <time-modification>
          <actual-notes>3</actual-notes>
          <normal-notes>2</normal-notes>
          <normal-type>eighth</normal-type>
          </time-modification>
        <stem>down</stem>
        <staff>1</staff>
        <notations>
          <tuplet type="stop"/>
          </notations>
        </note>
      <note>
        <rest/>
        <duration>24</duration>
        <voice>1</voice>
        <type>quarter</type>
        <staff>1</staff>
        </note>
      <backup>
        <duration>72</duration>
        </backup>
      <note>
        <rest/>
        <duration>24</duration>
        <voice>5</voice>
        <type>quarter</type>
        <staff>2</staff>
        </note>
      <note>
        <rest/>
        <duration>12</duration>
        <voice>5</voice>
        <type>eighth</type>
        <staff>2</staff>
        </note>
      <note default-x="95.03" default-y="-100.00" dynamics="73.33">
        <pitch>
          <step>B</step>
          <alter>-1</alter>
          <octave>3</octave>
          </pitch>
        <duration>12</duration>
        <voice>5</voice>
        <type>eighth</type>
        <stem>down</stem>
        <staff>2</staff>
        </note>
      <note default-x="141.15" default-y="-105.00" dynamics="45.56">
        <pitch>
          <step>A</step>
          <alter>-1</alter>
          <octave>3</octave>
          </pitch>
        <duration>12</duration>
        <voice>5</voice>
        <type>eighth</type>
        <stem>down</stem>
        <staff>2</staff>
        <beam number="1">begin</beam>
        </note>
      <note default-x="168.25" default-y="-100.00" dynamics="84.44">
        <pitch>
          <step>B</step>
          <alter>-1</alter>
          <octave>3</octave>
          </pitch>
        <duration>12</duration>
        <voice>5</voice>
        <type>eighth</type>
        <stem>down</stem>
        <staff>2</staff>
        <beam number="1">end</beam>
        <notations>
          <articulations>
            <staccato/>
            </articulations>
          </notations>
        </note>
      </measure>
    <measure number="9" width="187.33">
      <note default-x="19.32" default-y="-5.00" dynamics="63.33">
        <pitch>
          <step>E</step>
          <alter>-1</alter>
          <octave>5</octave>
          </pitch>
        <duration>12</duration>
        <voice>1</voice>
        <type>eighth</type>
        <stem>down</stem>
        <staff>1</staff>
        <beam number="1">begin</beam>
        </note>
      <attributes>
        <clef number="1">
          <sign>F</sign>
          <line>4</line>
          </clef>
        </attributes>
      <note default-x="71.55" default-y="-25.00" dynamics="81.11">
        <pitch>
          <step>C</step>
          <octave>3</octave>
          </pitch>
        <duration>12</duration>
        <voice>1</voice>
        <type>eighth</type>
        <stem>down</stem>
        <staff>1</staff>
        <beam number="1">end</beam>
        <notations>
          <articulations>
            <staccato/>
            </articulations>
          </notations>
        </note>
      <note default-x="92.35" default-y="-25.00" dynamics="54.44">
        <pitch>
          <step>C</step>
          <octave>3</octave>
          </pitch>
        <duration>24</duration>
        <voice>1</voice>
        <type>quarter</type>
        <stem>up</stem>
        <staff>1</staff>
        <notations>
          <articulations>
            <staccato/>
            </articulations>
          </notations>
        </note>
      <note>
        <rest/>
        <duration>12</duration>
        <voice>1</voice>
        <type>eighth</type>
        <staff>1</staff>
        </note>
      <note>
        <rest/>
        <duration>6</duration>
        <voice>1</voice>
        <type>16th</type>
        <staff>1</staff>
        </note>
      <note default-x="157.53" default-y="0.00" dynamics="80.00">
        <pitch>
          <step>A</step>
          <alter>-1</alter>
          <octave>3</octave>
          </pitch>
        <duration>6</duration>
        <voice>1</voice>
        <type>16th</type>
        <stem>down</stem>
        <staff>1</staff>
        </note>
      <backup>
        <duration>72</duration>
        </backup>
      <note default-x="19.32" default-y="-130.00" dynamics="83.33">
        <pitch>
          <step>C</step>
          <alter>-1</alter>
          <octave>3</octave>
          </pitch>
        <duration>24</duration>
        <voice>5</voice>
        <type>quarter</type>
        <accidental>flat</accidental>
        <stem>up</stem>
        <staff>2</staff>
        <notations>
          <articulations>
            <staccato/>
            </articulations>
          </notations>
        </note>
      <note>
        <rest/>
        <duration>24</duration>
        <voice>5</voice>
        <type>quarter</type>
        <staff>2</staff>
        </note>
      <note>
        <rest/>
        <duration>24</duration>
        <voice>5</voice>
        <type>quarter</type>
        <staff>2</staff>
        </note>
      </measure>
    <measure number="10" width="104.30">
      <note>
        <rest/>
        <duration>24</duration>
        <voice>1</voice>
        <type>quarter</type>
        <staff>1</staff>
        </note>
      <note default-x="38.55" default-y="-5.00" dynamics="51.11">
        <pitch>
          <step>G</step>
          <alter>-1</alter>
          <octave>3</octave>
          </pitch>
        <duration>8</duration>
        <voice>1</voice>
        <type>eighth</type>
        <time-modification>
          <actual-notes>3</actual-notes>
          <normal-notes>2</normal-notes>
          <normal-type>eighth</normal-type>
          </time-modification>
        <stem>down</stem>
        <staff>1</staff>
        <notations>
          <tuplet type="start" bracket="yes"/>
          </notations>
        </note>
      <note default-x="53.55" default-y="-10.00" dynamics="43.33">
        <pitch>
          <step>F</step>
          <octave>3</octave>
          </pitch>
        <duration>16</duration>
        <voice>1</voice>
        <type>quarter</type>
        <time-modification>
          <actual-notes>3</actual-notes>
          <normal-notes>2</normal-notes>
          <normal-type>eighth</normal-type>
          </time-modification>
        <stem>down</stem>
        <staff>1</staff>
        <notations>
          <tuplet type="stop"/>
          </notations>
        </note>
      <note>
        <rest/>
        <duration>24</duration>
        <voice>1</voice>
        <type>quarter</type>
        <staff>1</staff>
        </note>
      <backup>
        <duration>72</duration>
        </backup>
      <note>
        <rest measure="yes"/>
        <duration>72</duration>
        <voice>5</voice>
        <staff>2</staff>
        </note>
      </measure>
    <measure number="11" width="114.65">
      <note>
        <rest/>
        <duration>24</duration>
        <voice>1</voice>
        <type>quarter</type>
        <staff>1</staff>
        </note>
      <note>
        <rest/>
        <duration>24</duration>
        <voice>1</voice>
        <type>quarter</type>
        <staff>1</staff>
        </note>
      <note default-x="60.86" default-y="-25.00" dynamics="84.44">
        <pitch>
          <step>C</step>
          <octave>3</octave>
          </pitch>
        <duration>18</duration>
        <voice>1</voice>
        <type>eighth</type>
        <dot/>
        <stem>up</stem>
        <staff>1</staff>
        <beam number="1">begin</beam>
        <notations>
          <articulations>
            <staccato/>
            </articulations>
          </notations>
        </note>
      <note default-x="84.85" default-y="-25.00" dynamics="72.22">
        <pitch>
          <step>C</step>
          <octave>3</octave>
          </pitch>
        <duration>6</duration>
        <voice>1</voice>
        <type>16th</type>
        <stem>up</stem>
        <staff>1</staff>
        <beam number="1">end</beam>
        <beam number="2">backward hook</beam>
        </note>
      <backup>
        <duration>72</duration>
        </backup>
      <note>
        <rest measure="yes"/>
        <duration>72</duration>
        <voice>5</voice>
        <staff>2</staff>
        </note>
      </measure>
    <measure number="12" width="287.73">
      <print new-system="yes">
        <system-layout>
          <system-margins>
            <left-margin>13.90</left-margin>
            <right-margin>0.00</right-margin>
            </system-margins>
          <system-distance>101.20</system-distance>
          </system-layout>
        <staff-layout number="2">
          <staff-distance>65.00</staff-distance>
          </staff-layout>
        </print>
      <note default-x="122.97" default-y="-75.00" dynamics="51.11">
        <pitch>
          <step>G</step>
          <octave>1</octave>
          </pitch>
        <duration>24</duration>
        <voice>1</voice>
        <type>quarter</type>
        <accidental>natural</accidental>
        <stem>up</stem>
        <staff>1</staff>
        <notations>
          <articulations>
            <staccato/>
            </articulations>
          </notations>
        </note>
      <note>
        <rest/>
        <duration>24</duration>
        <voice>1</voice>
        <type>quarter</type>
        <staff>1</staff>
        </note>
      <note>
        <rest/>
        <duration>12</duration>
        <voice>1</voice>
        <type>eighth</type>
        <staff>1</staff>
        </note>
      <attributes>
        <clef number="1">
          <sign>G</sign>
          <line>2</line>
          </clef>
        </attributes>
      <note default-x="246.38" default-y="-35.00" dynamics="50.00">
        <pitch>
          <step>F</step>
          <octave>4</octave>
          </pitch>
        <duration>12</duration>
        <voice>1</voice>
        <type>eighth</type>
        <stem>up</stem>
        <staff>1</staff>
        </note>
      <backup>
        <duration>72</duration>
        </backup>
      <note>
        <rest/>
        <duration>24</duration>
        <voice>5</voice>
        <type>quarter</type>
        <staff>2</staff>
        </note>
      <note>
        <rest/>
        <duration>24</duration>
        <voice>5</voice>
        <type>quarter</type>
        <staff>2</staff>
        </note>
      <note>
        <rest/>
        <duration>12</duration>
        <voice>5</voice>
        <type>eighth</type>
        <staff>2</staff>
        </note>
      <note default-x="246.38" default-y="-115.00" dynamics="65.56">
        <pitch>
          <step>F</step>
          <octave>3</octave>
          </pitch>
        <duration>12</duration>
        <voice>5</voice>
        <type>eighth</type>
        <stem>down</stem>
        <staff>2</staff>
        </note>
      </measure>
    <measure number="13" width="223.00">
      <note>
        <rest/>
        <duration>12</duration>
        <voice>1</voice>
        <type>eighth</type>
        <staff>1</staff>
        </note>
      <note default-x="47.49" default-y="-65.00" dynamics="87.78">
        <pitch>
          <step>G</step>
          <octave>3</octave>
          </pitch>
        <duration>12</duration>
        <voice>1</voice>
        <type>eighth</type>
        <accidental>natural</accidental>
        <stem>up</stem>
        <staff>1</staff>
        </note>
      <attributes>
        <clef number="1">
          <sign>F</sign>
          <line>4</line>
          </clef>
        </attributes>
      <note default-x="110.18" default-y="-5.00" dynamics="57.78">
        <pitch>
          <step>G</step>
          <octave>3</octave>
          </pitch>
        <duration>18</duration>
        <voice>1</voice>
        <type>eighth</type>
        <dot/>
        <stem>down</stem>
        <staff>1</staff>
        <beam number="1">begin</beam>
        <notations>
          <articulations>
            <staccato/>
            </articulations>
          </notations>
        </note>
      <note default-x="152.23" default-y="-5.00" dynamics="77.78">
        <pitch>
          <step>G</step>
          <alter>-1</alter>
          <octave>3</octave>
          </pitch>
        <duration>6</duration>
        <tie type="start"/>
        <voice>1</voice>
        <type>16th</type>
        <accidental>flat</accidental>
        <stem>down</stem>
        <staff>1</staff>
        <beam number="1">end</beam>
        <beam number="2">backward hook</beam>
        <notations>
          <tied type="start"/>
          </notations>
        </note>
      <note default-x="173.78" default-y="-5.00" dynamics="77.78">
        <pitch>
          <step>G</step>
          <alter>-1</alter>
          <octave>3</octave>
          </pitch>
        <duration>24</duration>
        <tie type="stop"/>
        <voice>1</voice>
        <type>quarter</type>
        <stem>down</stem>
        <staff>1</staff>
        <notations>
          <tied type="stop"/>
          </notations>
        </note>
      <backup>
        <duration>72</duration>
        </backup>
      <note>
        <rest measure="yes"/>
        <duration>72</duration>
        <voice>5</voice>
        <staff>2</staff>
        </note>
      </measure>
    <measure number="14" width="139.57">
      <note>
        <rest/>
        <duration>24</duration>
        <voice>1</voice>
        <type>quarter</type>
        <staff>1</staff>
        </note>
      <note default-x="45.46" default-y="-5.00" dynamics="74.44">
        <pitch>
          <step>G</step>
          <alter>-1</alter>
          <octave>3</octave>
          </pitch>
        <duration>24</duration>
        <voice>1</voice>
        <type>quarter</type>
        <stem>down</stem>
        <staff>1</staff>
        <notations>
          <articulations>
            <staccato/>
            </articulations>
          </notations>
        </note>
      <note>
        <rest/>
        <duration>12</duration>
        <voice>1</voice>
        <type>eighth</type>
        <staff>1</staff>
        </note>
      <note default-x="98.21" default-y="-25.00" dynamics="74.44">
        <pitch>
          <step>C</step>
          <octave>3</octave>
          </pitch>
        <duration>12</duration>
        <voice>1</voice>
        <type>eighth</type>
        <stem>up</stem>
        <staff>1</staff>
        </note>
      <backup>
        <duration>72</duration>
        </backup>
      <note>
        <rest measure="yes"/>
        <duration>72</duration>
        <voice>5</voice>
        <staff>2</staff>
        </note>
      </measure>
    <measure number="15" width="187.31">
      <note>
        <rest/>
        <duration>24</duration>
        <voice>1</voice>
        <type>quarter</type>
        <staff>1</staff>
        </note>
      <note default-x="55.81" default-y="5.00" dynamics="83.33">
        <pitch>
          <step>B</step>
          <alter>-1</alter>
          <octave>3</octave>
          </pitch>
        <duration>8</duration>
        <voice>1</voice>
        <type>eighth</type>
        <time-modification>
          <actual-notes>3</actual-notes>
          <normal-notes>2</normal-notes>
          </time-modification>
        <stem>down</stem>
        <staff>1</staff>
        <beam number="1">begin</beam>
        <notations>
          <tuplet type="start" bracket="no"/>
          </notations>
        </note>
      <note default-x="82.34" default-y="-5.00" dynamics="86.67">
        <pitch>
          <step>G</step>
          <octave>3</octave>
          </pitch>
        <duration>8</duration>
        <voice>1</voice>
        <type>eighth</type>
        <accidental>natural</accidental>
        <time-modification>
          <actual-notes>3</actual-notes>
          <normal-notes>2</normal-notes>
          </time-modification>
        <stem>down</stem>
        <staff>1</staff>
        <beam number="1">continue</beam>
        </note>
      <note default-x="104.28" default-y="-5.00" dynamics="86.67">
        <pitch>
          <step>G</step>
          <octave>3</octave>
          </pitch>
        <duration>8</duration>
        <voice>1</voice>
        <type>eighth</type>
        <time-modification>
          <actual-notes>3</actual-notes>
          <normal-notes>2</normal-notes>
          </time-modification>
        <stem>down</stem>
        <staff>1</staff>
        <beam number="1">end</beam>
        <notations>
          <tuplet type="stop"/>
          <articulations>
            <staccato/>
            </articulations>
          </notations>
        </note>
      <note default-x="126.22" default-y="5.00" dynamics="76.67">
        <pitch>
          <step>B</step>
          <alter>-1</alter>
          <octave>3</octave>
          </pitch>
        <duration>12</duration>
        <voice>1</voice>
        <type>eighth</type>
        <stem>down</stem>
        <staff>1</staff>
        <beam number="1">begin</beam>
        </note>
      <note default-x="155.86" default-y="0.00" dynamics="61.11">
        <pitch>
          <step>A</step>
          <octave>3</octave>
          </pitch>
        <duration>12</duration>
        <voice>1</voice>
        <type>eighth</type>
        <accidental>natural</accidental>
        <stem>down</stem>
        <staff>1</staff>
        <beam number="1">end</beam>
        </note>
      <backup>
        <duration>72</duration>
        </backup>
      <note>
        <rest measure="yes"/>
        <duration>72</duration>
        <voice>5</voice>
        <staff>2</staff>
        </note>
      </measure>
    <measure number="16" width="177.19">
      <note default-x="18.04" default-y="0.00" dynamics="66.67">
        <pitch>
          <step>A</step>
          <octave>3</octave>
          </pitch>
        <duration>24</duration>
        <voice>1</voice>
        <type>quarter</type>
        <accidental>natural</accidental>
        <stem>up</stem>
        <staff>1</staff>
        <notations>
          <articulations>
            <staccato/>
            </articulations>
          </notations>
        </note>
      <note default-x="105.15" default-y="-10.00" dynamics="68.89">
        <pitch>
          <step>F</step>
          <octave>3</octave>
          </pitch>
        <duration>24</duration>
        <voice>1</voice>
        <type>quarter</type>
        <stem>up</stem>
        <staff>1</staff>
        <notations>
          <articulations>
            <staccato/>
            </articulations>
          </notations>
        </note>
      <note>
        <rest/>
        <duration>24</duration>
        <voice>1</voice>
        <type>quarter</type>
        <staff>1</staff>
        </note>
      <backup>
        <duration>72</duration>
        </backup>
      <note>
        <rest/>
        <duration>12</duration>
        <voice>2</voice>
        <type>eighth</type>
        <staff>1</staff>
        </note>
      <note>
        <rest/>
        <duration>6</duration>
        <voice>2</voice>
        <type>16th</type>
        <staff>1</staff>
        </note>
      <note default-x="66.04" default-y="-5.00" dynamics="50.00">
        <pitch>
          <step>G</step>
          <alter>-1</alter>
          <octave>3</octave>
          </pitch>
        <duration>6</duration>
        <tie type="start"/>
        <voice>2</voice>
        <type>16th</type>
        <stem>down</stem>
        <staff>1</staff>
        <notations>
          <tied type="start"/>
          </notations>
        </note>
      <note default-x="94.16" default-y="-5.00" dynamics="50.00">
        <pitch>
          <step>G</step>
          <alter>-1</alter>
          <octave>3</octave>
          </pitch>
        <duration>24</duration>
        <tie type="stop"/>
        <voice>2</voice>
        <type>quarter</type>
        <stem>down</stem>
        <staff>1</staff>
        <notations>
          <tied type="stop"/>
          </notations>
        </note>
      <note>
        <rest/>
        <duration>24</duration>
        <voice>2</voice>
        <type>quarter</type>
        <staff>1</staff>
        </note>
      <backup>
        <duration>72</duration>
        </backup>
      <note>
        <rest measure="yes"/>
        <duration>72</duration>
        <voice>5</voice>
        <staff>2</staff>
        </note>
      </measure>
    <measure number="17" width="272.94">
      <print new-system="yes">
        <system-layout>
          <system-margins>
            <left-margin>13.90</left-margin>
            <right-margin>0.00</right-margin>
            </system-margins>
          <system-distance>101.20</system-distance>
          </system-layout>
        <staff-layout number="2">
          <staff-distance>71.10</staff-distance>
          </staff-layout>
        </print>
      <note default-x="130.08" default-y="-10.00" dynamics="71.11">
        <pitch>
          <step>F</step>
          <alter>-1</alter>
          <octave>3</octave>
          </pitch>
        <duration>24</duration>
        <voice>1</voice>
        <type>quarter</type>
        <accidental>flat</accidental>
        <stem>down</stem>
        <staff>1</staff>
        <notations>
          <articulations>
            <staccato/>
            </articulations>
          </notations>
        </note>
      <note default-x="161.92" default-y="5.00" dynamics="80.00">
        <pitch>
          <step>B</step>
          <alter>-1</alter>
          <octave>3</octave>
          </pitch>
        <duration>8</duration>
        <voice>1</voice>
        <type>eighth</type>
        <time-modification>
          <actual-notes>3</actual-notes>
          <normal-notes>2</normal-notes>
          </time-modification>
        <stem>down</stem>
        <staff>1</staff>
        <beam number="1">begin</beam>
        <notations>
          <tuplet type="start" bracket="no"/>
          </notations>
        </note>
      <note default-x="178.24" default-y="0.00" dynamics="65.56">
        <pitch>
          <step>A</step>
          <alter>-1</alter>
          <octave>3</octave>
          </pitch>
        <duration>8</duration>
        <voice>1</voice>
        <type>eighth</type>
        <time-modification>
          <actual-notes>3</actual-notes>
          <normal-notes>2</normal-notes>
          </time-modification>
        <stem>down</stem>
        <staff>1</staff>
        <beam number="1">continue</beam>
        </note>
      <note default-x="204.78" default-y="0.00" dynamics="36.67">
        <pitch>
          <step>A</step>
          <octave>3</octave>
          </pitch>
        <duration>8</duration>
        <voice>1</voice>
        <type>eighth</type>
        <accidental>natural</accidental>
        <time-modification>
          <actual-notes>3</actual-notes>
          <normal-notes>2</normal-notes>
          </time-modification>
        <stem>down</stem>
        <staff>1</staff>
        <beam number="1">end</beam>
        <notations>
          <tuplet type="stop"/>
          </notations>
        </note>
      <note>
        <rest/>
        <duration>12</duration>
        <voice>1</voice>
        <type>eighth</type>
        <staff>1</staff>
        </note>
      <note default-x="243.14" default-y="-20.00" dynamics="56.67">
        <pitch>
          <step>D</step>
          <alter>-1</alter>
          <octave>3</octave>
          </pitch>
        <duration>12</duration>
        <voice>1</voice>
        <type>eighth</type>
        <stem>down</stem>
        <staff>1</staff>
        <notations>
          <articulations>
            <staccato/>
            </articulations>
          </notations>
        </note>
      <backup>
        <duration>72</duration>
        </backup>
      <note>
        <rest measure="yes"/>
        <duration>72</duration>
        <voice>5</voice>
        <staff>2</staff>
        </note>
      </measure>
    <measure number="18" width="166.64">
      <note>
        <rest/>
        <duration>12</duration>
        <voice>1</voice>
        <type>eighth</type>
        <staff>1</staff>
        </note>
      <note default-x="36.46" default-y="-25.00" dynamics="65.56">
        <pitch>
          <step>C</step>
          <octave>3</octave>
          </pitch>
        <duration>12</duration>
        <voice>1</voice>
        <type>eighth</type>
        <stem>up</stem>
        <staff>1</staff>
        <notations>
          <articulations>
            <staccato/>
            </articulations>
          </notations>
        </note>
      <note default-x="75.84" default-y="-10.00" dynamics="73.33">
        <pitch>
          <step>F</step>
          <alter>-1</alter>
          <octave>3</octave>
          </pitch>
        <duration>24</duration>
        <voice>1</voice>
        <type>quarter</type>
        <accidental>flat</accidental>
        <stem>down</stem>
        <staff>1</staff>
        <notations>
          <articulations>
            <staccato/>
            </articulations>
          </notations>
        </note>
      <note default-x="113.38" default-y="-5.00" dynamics="82.22">
        <pitch>
          <step>G</step>
          <octave>3</octave>
          </pitch>
        <duration>12</duration>
        <voice>1</voice>
        <type>eighth</type>
        <accidental>natural</accidental>
        <stem>down</stem>
        <staff>1</staff>
        <beam number="1">begin</beam>
        </note>
      <note default-x="136.84" default-y="-5.00" dynamics="74.44">
        <pitch>
          <step>G</step>
          <octave>3</octave>
          </pitch>
        <duration>12</duration>
        <voice>1</voice>
        <type>eighth</type>
        <stem>down</stem>
        <staff>1</staff>
        <beam number="1">end</beam>
        </note>
      <backup>
        <duration>72</duration>
        </backup>
      <note>
        <rest measure="yes"/>
        <duration>72</duration>
        <voice>5</voice>
        <staff>2</staff>
        </note>
      </measure>
    <measure number="19" width="357.11">
      <note>
        <rest/>
        <duration>24</duration>
        <voice>1</voice>
        <type>quarter</type>
        <staff>1</staff>
        </note>
      <backup>
        <duration>18</duration>
        </backup>
      <attributes>
        <clef number="1">
          <sign>G</sign>
          <line>2</line>
          </clef>
        </attributes>
      <forward>
        <duration>12</duration>
        </forward>
      <attributes>
        <clef number="1">
          <sign>F</sign>
          <line>4</line>
          </clef>
        </attributes>
      <forward>
        <duration>6</duration>
        </forward>
      <note>
        <rest/>
        <duration>12</duration>
        <voice>1</voice>
        <type>eighth</type>
        <staff>1</staff>
        </note>
      <note>
        <rest/>
        <duration>6</duration>
        <voice>1</voice>
        <type>16th</type>
        <staff>1</staff>
        </note>
      <attributes>
        <clef number="1">
          <sign>G</sign>
          <line>2</line>
          </clef>
        </attributes>
      <note default-x="225.59" default-y="-15.00" dynamics="38.89">
        <pitch>
          <step>C</step>
          <octave>5</octave>
          </pitch>
        <duration>6</duration>
        <tie type="start"/>
        <voice>1</voice>
        <type>16th</type>
        <stem>up</stem>
        <staff>1</staff>
        <notations>
          <tied type="start"/>
          </notations>
        </note>
      <note default-x="261.39" default-y="-15.00" dynamics="38.89">
        <pitch>
          <step>C</step>
          <octave>5</octave>
          </pitch>
        <duration>24</duration>
        <tie type="stop"/>
        <voice>1</voice>
        <type>quarter</type>
        <stem>up</stem>
        <staff>1</staff>
        <notations>
          <tied type="stop"/>
          </notations>
        </note>
      <backup>
        <duration>6</duration>
        </backup>
      <attributes>
        <clef number="1">
          <sign>F</sign>
          <line>4</line>
          </clef>
        </attributes>
      <forward>
        <duration>6</duration>
        </forward>
      <backup>
        <duration>72</duration>
        </backup>
      <note>
        <rest/>
        <duration>6</duration>
        <voice>2</voice>
        <type>16th</type>
        <staff>1</staff>
        </note>
      <note default-x="65.23" default-y="-15.00" dynamics="41.11">
        <pitch>
          <step>C</step>
          <octave>5</octave>
          </pitch>
        <duration>12</duration>
        <voice>2</voice>
        <type>eighth</type>
        <stem>down</stem>
        <staff>1</staff>
        <beam number="1">begin</beam>
        </note>
      <note default-x="117.46" default-y="-5.00" dynamics="65.56">
        <pitch>
          <step>G</step>
          <alter>-1</alter>
          <octave>3</octave>
          </pitch>
        <duration>6</duration>
        <voice>2</voice>
        <type>16th</type>
        <stem>down</stem>
        <staff>1</staff>
        <beam number="1">end</beam>
        <beam number="2">backward hook</beam>
        </note>
      <note default-x="138.96" default-y="-10.00" dynamics="73.33">
        <pitch>
          <step>F</step>
          <octave>3</octave>
          </pitch>
        <duration>24</duration>
        <voice>2</voice>
        <type>quarter</type>
        <stem>down</stem>
        <staff>1</staff>
        <notations>
          <articulations>
            <staccato/>
            </articulations>
          </notations>
        </note>
      <note default-x="261.39" default-y="-70.00" dynamics="72.22">
        <pitch>
          <step>F</step>
          <octave>3</octave>
          </pitch>
        <duration>12</duration>
        <voice>2</voice>
        <type>eighth</type>
        <stem>down</stem>
        <staff>1</staff>
        </note>
      <note>
        <rest/>
        <duration>6</duration>
        <voice>2</voice>
        <type>16th</type>
        <staff>1</staff>
        </note>
      <note default-x="327.31" default-y="-5.00" dynamics="82.22">
        <pitch>
          <step>G</step>
          <alter>-1</alter>
          <octave>3</octave>
          </pitch>
        <duration>6</duration>
        <voice>2</voice>
        <type>16th</type>
        <stem>down</stem>
        <staff>1</staff>
        </note>
      <backup>
        <duration>72</duration>
        </backup>
      <note default-x="13.00" default-y="-121.10" dynamics="75.56">
        <pitch>
          <step>F</step>
          <octave>3</octave>
          </pitch>
        <duration>24</duration>
        <voice>5</voice>
        <type>quarter</type>
        <stem>down</stem>
        <staff>2</staff>
        <notations>
          <articulations>
            <staccato/>
            </articulations>
          </notations>
        </note>
      <note>
        <rest/>
        <duration>24</duration>
        <voice>5</voice>
        <type>quarter</type>
        <staff>2</staff>
        </note>
      <note>
        <rest/>
        <duration>24</duration>
        <voice>5</voice>
        <type>quarter</type>
        <staff>2</staff>
        </note>
      </measure>
    <measure number="20" width="90.85">
      <note>
        <rest/>
        <duration>24</duration>
        <voice>1</voice>
        <type>quarter</type>
        <staff>1</staff>
        </note>
      <note default-x="37.02" default-y="-25.00" dynamics="68.89">
        <pitch>
          <step>C</step>
          <octave>3</octave>
          </pitch>
        <duration>24</duration>
        <voice>1</voice>
        <type>quarter</type>
        <stem>up</stem>
        <staff>1</staff>
        <notations>
          <articulations>
            <staccato/>
            </articulations>
          </notations>
        </note>
      <note default-x="61.05" default-y="-25.00" dynamics="75.56">
        <pitch>
          <step>C</step>
          <octave>3</octave>
          </pitch>
        <duration>24</duration>
        <voice>1</voice>
        <type>quarter</type>
        <stem>up</stem>
        <staff>1</staff>
        <notations>
          <articulations>
            <staccato/>
            </articulations>
          </notations>
        </note>
      <backup>
        <duration>72</duration>
        </backup>
      <note>
        <rest measure="yes"/>
        <duration>72</duration>
        <voice>5</voice>
        <staff>2</staff>
        </note>
      </measure>
    <measure number="21" width="127.27">
      <note>
        <rest/>
        <duration>24</duration>
        <voice>1</voice>
        <type>quarter</type>
        <staff>1</staff>
        </note>
      <note>
        <rest/>
        <duration>12</duration>
        <voice>1</voice>
        <type>eighth</type>
        <staff>1</staff>
        </note>
      <note>
        <rest/>
        <duration>6</duration>
        <voice>1</voice>
        <type>16th</type>
        <staff>1</staff>
        </note>
      <note default-x="79.95" default-y="5.00" dynamics="78.89">
        <pitch>
          <step>B</step>
          <alter>-1</alter>
          <octave>3</octave>
          </pitch>
        <duration>6</duration>
        <tie type="start"/>
        <voice>1</voice>
        <type>16th</type>
        <stem>down</stem>
        <staff>1</staff>
        <notations>
          <tied type="start"/>
          </notations>
        </note>
      <note default-x="95.85" default-y="5.00" dynamics="78.89">
        <pitch>
          <step>B</step>
          <alter>-1</alter>
          <octave>3</octave>
          </pitch>
        <duration>24</duration>
        <tie type="stop"/>
        <voice>1</voice>
        <type>quarter</type>
        <stem>down</stem>
        <staff>1</staff>
        <notations>
          <tied type="stop"/>
          </notations>
        </note>
      <backup>
        <duration>72</duration>
        </backup>
      <note>
        <rest measure="yes"/>
        <duration>72</duration>
        <voice>5</voice>
        <staff>2</staff>
        </note>
      </measure>
    <measure number="22" width="296.75">
      <print new-system="yes">
        <system-layout>
          <system-margins>
            <left-margin>13.90</left-margin>
            <right-margin>0.00</right-margin>
            </system-margins>
          <system-distance>101.20</system-distance>
          </system-layout>
        <staff-layout number="2">
          <staff-distance>65.00</staff-distance>
          </staff-layout>
        </print>
      <note default-x="119.47" default-y="-5.00" dynamics="67.78">
        <pitch>
          <step>G</step>
          <alter>-1</alter>
          <octave>3</octave>
          </pitch>
        <duration>24</duration>
        <voice>1</voice>
        <type>quarter</type>
        <stem>down</stem>
        <staff>1</staff>
        </note>
      <note default-x="151.28" default-y="-5.00" dynamics="68.89">
        <pitch>
          <step>G</step>
          <alter>-1</alter>
          <octave>3</octave>
          </pitch>
        <duration>8</duration>
        <voice>1</voice>
        <type>eighth</type>
        <time-modification>
          <actual-notes>3</actual-notes>
          <normal-notes>2</normal-notes>
          </time-modification>
        <stem>down</stem>
        <staff>1</staff>
        <beam number="1">begin</beam>
        <notations>
          <tuplet type="start" bracket="yes"/>
          </notations>
        </note>
      <note default-x="179.10" default-y="-10.00" dynamics="57.78">
        <pitch>
          <step>F</step>
          <alter>-1</alter>
          <octave>3</octave>
          </pitch>
        <duration>8</duration>
        <voice>1</voice>
        <type>eighth</type>
        <accidental>flat</accidental>
        <time-modification>
          <actual-notes>3</actual-notes>
          <normal-notes>2</normal-notes>
          </time-modification>
        <stem>down</stem>
        <staff>1</staff>
        <beam number="1">end</beam>
        </note>
      <note>
        <rest/>
        <duration>8</duration>
        <voice>1</voice>
        <type>eighth</type>
        <time-modification>
          <actual-notes>3</actual-notes>
          <normal-notes>2</normal-notes>
          </time-modification>
        <staff>1</staff>
        <notations>
          <tuplet type="stop"/>
          </notations>
        </note>
      <attributes>
        <clef number="1">
          <sign>G</sign>
          <line>2</line>
          </clef>
        </attributes>
      <note default-x="244.92" default-y="35.00" dynamics="65.56">
        <pitch>
          <step>F</step>
          <octave>6</octave>
          </pitch>
        <duration>12</duration>
        <voice>1</voice>
        <type>eighth</type>
        <stem>down</stem>
        <staff>1</staff>
        <beam number="1">begin</beam>
        <notations>
          <articulations>
            <staccato/>
            </articulations>
          </notations>
        </note>
      <note default-x="266.95" default-y="-55.00" dynamics="85.56">
        <pitch>
          <step>B</step>
          <alter>-1</alter>
          <octave>3</octave>
          </pitch>
        <duration>12</duration>
        <voice>1</voice>
        <type>eighth</type>
        <stem>down</stem>
        <staff>1</staff>
        <beam number="1">end</beam>
        </note>
      <backup>
        <duration>72</duration>
        </backup>
      <note>
        <rest/>
        <duration>24</duration>
        <voice>5</voice>
        <type>quarter</type>
        <staff>2</staff>
        </note>
      <note>
        <rest/>
        <duration>24</duration>
        <voice>5</voice>
        <type>quarter</type>
        <staff>2</staff>
        </note>
      <note default-x="244.92" default-y="-110.00" dynamics="82.22">
        <pitch>
          <step>G</step>
          <octave>3</octave>
          </pitch>
        <duration>24</duration>
        <voice>5</voice>
        <type>quarter</type>
        <accidental>natural</accidental>
        <stem>down</stem>
        <staff>2</staff>
        <notations>
          <articulations>
            <staccato/>
            </articulations>
          </notations>
        </note>
      </measure>
    <measure number="23" width="142.37">
      <attributes>
        <clef number="1" after-barline="yes">
          <sign>F</sign>
          <line>4</line>
          </clef>
        </attributes>
      <note default-x="39.25" default-y="0.00" dynamics="85.56">
        <pitch>
          <step>A</step>
          <alter>-1</alter>
          <octave>3</octave>
          </pitch>
        <duration>12</duration>
        <voice>1</voice>
        <type>eighth</type>
        <stem>down</stem>
        <staff>1</staff>
        <beam number="1">begin</beam>
        </note>
      <note default-x="65.78" default-y="0.00" dynamics="44.44">
        <pitch>
          <step>A</step>
          <octave>3</octave>
          </pitch>
        <duration>12</duration>
        <voice>1</voice>
        <type>eighth</type>
        <accidental>natural</accidental>
        <stem>down</stem>
        <staff>1</staff>
        <beam number="1">end</beam>
        <notations>
          <articulations>
            <staccato/>
            </articulations>
          </notations>
        </note>
      <note default-x="83.59" default-y="-25.00" dynamics="82.22">
        <pitch>
          <step>C</step>
          <octave>3</octave>
          </pitch>
        <duration>24</duration>
        <voice>1</voice>
        <type>quarter</type>
        <stem>up</stem>
        <staff>1</staff>
        <notations>
          <articulations>
            <staccato/>
            </articulations>
          </notations>
        </note>
      <note>
        <rest/>
        <duration>24</duration>
        <voice>1</voice>
        <type>quarter</type>
        <staff>1</staff>
        </note>
      <backup>
        <duration>72</duration>
        </backup>
      <note>
        <rest measure="yes"/>
        <duration>72</duration>
        <voice>5</voice>
        <staff>2</staff>
        </note>
      </measure>
    <measure number="24" width="246.92">
      <note>
        <rest/>
        <duration>24</duration>
        <voice>1</voice>
        <type>quarter</type>
        <staff>1</staff>
        </note>
      <note default-x="59.34" default-y="-10.00" dynamics="56.67">
        <pitch>
          <step>F</step>
          <alter>-1</alter>
          <octave>3</octave>
          </pitch>
        <duration>18</duration>
        <voice>1</voice>
        <type>eighth</type>
        <dot/>
        <accidental>flat</accidental>
        <stem>down</stem>
        <staff>1</staff>
        <beam number="1">begin</beam>
        <notations>
          <articulations>
            <staccato/>
            </articulations>
          </notations>
        </note>
      <attributes>
        <clef number="1">
          <sign>G</sign>
          <line>2</line>
          </clef>
        </attributes>
      <note default-x="129.15" default-y="-10.00" dynamics="36.67">
        <pitch>
          <step>D</step>
          <octave>5</octave>
          </pitch>
        <duration>6</duration>
        <voice>1</voice>
        <type>16th</type>
        <accidental>natural</accidental>
        <stem>down</stem>
        <staff>1</staff>
        <beam number="1">end</beam>
        <beam number="2">backward hook</beam>
        </note>
      <note default-x="159.18" default-y="-65.00" dynamics="98.89">
        <pitch>
          <step>G</step>
          <octave>3</octave>
          </pitch>
        <duration>12</duration>
        <voice>1</voice>
        <type>eighth</type>
        <accidental>natural</accidental>
        <stem>up</stem>
        <staff>1</staff>
        <beam number="1">begin</beam>
        </note>
      <attributes>
        <clef number="1">
          <sign>F</sign>
          <line>4</line>
          </clef>
        </attributes>
      <note default-x="211.42" default-y="-5.00" dynamics="91.11">
        <pitch>
          <step>G</step>
          <octave>3</octave>
          </pitch>
        <duration>12</duration>
        <voice>1</voice>
        <type>eighth</type>
        <stem>up</stem>
        <staff>1</staff>
        <beam number="1">end</beam>
        </note>
      <backup>
        <duration>72</duration>
        </backup>
      <note>
        <rest measure="yes"/>
        <duration>72</duration>
        <voice>5</voice>
        <staff>2</staff>
        </note>
      </measure>
    <measure number="25" width="154.59">
      <note>
        <rest/>
        <duration>12</duration>
        <voice>1</voice>
        <type>eighth</type>
        <staff>1</staff>
        </note>
      <note default-x="32.82" default-y="-5.00" dynamics="41.11">
        <pitch>
          <step>G</step>
          <alter>-1</alter>
          <octave>3</octave>
          </pitch>
        <duration>12</duration>
        <voice>1</voice>
        <type>eighth</type>
        <stem>down</stem>
        <staff>1</staff>
        <notations>
          <articulations>
            <staccato/>
            </articulations>
          </notations>
        </note>
      <note default-x="52.64" default-y="-10.00" dynamics="75.56">
        <pitch>
          <step>F</step>
          <octave>3</octave>
          </pitch>
        <duration>24</duration>
        <voice>1</voice>
        <type>quarter</type>
        <stem>down</stem>
        <staff>1</staff>
        <notations>
          <articulations>
            <staccato/>
            </articulations>
          </notations>
        </note>
      <note default-x="78.55" default-y="-5.00" dynamics="40.00">
        <pitch>
          <step>G</step>
          <alter>-1</alter>
          <octave>3</octave>
          </pitch>
        <duration>8</duration>
        <voice>1</voice>
        <type>eighth</type>
        <time-modification>
          <actual-notes>3</actual-notes>
          <normal-notes>2</normal-notes>
          </time-modification>
        <stem>down</stem>
        <staff>1</staff>
        <notations>
          <tuplet type="start" bracket="yes"/>
          </notations>
        </note>
      <note>
        <rest/>
        <duration>8</duration>
        <voice>1</voice>
        <type>eighth</type>
        <time-modification>
          <actual-notes>3</actual-notes>
          <normal-notes>2</normal-notes>
          </time-modification>
        <staff>1</staff>
        </note>
      <note default-x="124.80" default-y="30.00" dynamics="35.56">
        <pitch>
          <step>G</step>
          <alter>-1</alter>
          <octave>4</octave>
          </pitch>
        <duration>8</duration>
        <voice>1</voice>
        <type>eighth</type>
        <time-modification>
          <actual-notes>3</actual-notes>
          <normal-notes>2</normal-notes>
          </time-modification>
        <stem>down</stem>
        <staff>1</staff>
        <notations>
          <tuplet type="stop"/>
          <articulations>
            <staccato/>
            </articulations>
          </notations>
        </note>
      <backup>
        <duration>72</duration>
        </backup>
      <note>
        <rest/>
        <duration>24</duration>
        <voice>5</voice>
        <type>quarter</type>
        <staff>2</staff>
        </note>
      <note>
        <rest/>
        <duration>24</duration>
        <voice>5</voice>
        <type>quarter</type>
        <staff>2</staff>
        </note>
      <note>
        <rest/>
        <duration>12</duration>
        <voice>5</voice>
        <type>eighth</type>
        <staff>2</staff>
        </note>
      <note default-x="109.80" default-y="-110.00" dynamics="72.22">
        <pitch>
          <step>G</step>
          <alter>-1</alter>
          <octave>3</octave>
          </pitch>
        <duration>12</duration>
        <voice>5</voice>
        <type>eighth</type>
        <stem>down</stem>
        <staff>2</staff>
        </note>
      </measure>
    <measure number="26" width="174.17">
      <note>
        <rest/>
        <duration>6</duration>
        <voice>1</voice>
        <type>16th</type>
        <staff>1</staff>
        </note>
      <note default-x="39.37" default-y="-10.00" dynamics="38.89">
        <pitch>
          <step>F</step>
          <alter>-1</alter>
          <octave>3</octave>
          </pitch>
        <duration>18</duration>
        <voice>1</voice>
        <type>eighth</type>
        <dot/>
        <accidental>flat</accidental>
        <stem>down</stem>
        <staff>1</staff>
        <notations>
          <articulations>
            <staccato/>
            </articulations>
          </notations>
        </note>
      <note default-x="65.84" default-y="-25.00" dynamics="68.89">
        <pitch>
          <step>C</step>
          <octave>3</octave>
          </pitch>
        <duration>24</duration>
        <voice>1</voice>
        <type>quarter</type>
        <stem>up</stem>
        <staff>1</staff>
        <notations>
          <articulations>
            <staccato/>
            </articulations>
          </notations>
        </note>
      <note>
        <rest/>
        <duration>12</duration>
        <voice>1</voice>
        <type>eighth</type>
        <staff>1</staff>
        </note>
      <note>
        <rest/>
        <duration>3</duration>
        <voice>1</voice>
        <type>32nd</type>
        <staff>1</staff>
        </note>
      <note default-x="135.37" default-y="-10.00" dynamics="80.00">
        <pitch>
          <step>F</step>
          <alter>-1</alter>
          <octave>3</octave>
          </pitch>
        <duration>9</duration>
        <voice>1</voice>
        <type>16th</type>
        <dot/>
        <stem>down</stem>
        <staff>1</staff>
        </note>
      <backup>
        <duration>72</duration>
        </backup>
      <note>
        <rest measure="yes"/>
        <duration>72</duration>
        <voice>5</voice>
        <staff>2</staff>
        </note>
      </measure>
    <measure number="27" width="462.52">
      <print new-system="yes">
        <system-layout>
          <system-margins>
            <left-margin>13.90</left-margin>
            <right-margin>0.00</right-margin>
            </system-margins>
          <system-distance>101.20</system-distance>
          </system-layout>
        <staff-layout number="2">
          <staff-distance>65.00</staff-distance>
          </staff-layout>
        </print>
      <note>
        <rest/>
        <duration>12</duration>
        <voice>1</voice>
        <type>eighth</type>
        <staff>1</staff>
        </note>
      <note default-x="170.48" default-y="-5.00" dynamics="92.22">
        <pitch>
          <step>G</step>
          <octave>3</octave>
          </pitch>
        <duration>12</duration>
        <voice>1</voice>
        <type>eighth</type>
        <accidental>natural</accidental>
        <stem>down</stem>
        <staff>1</staff>
        </note>
      <note default-x="221.50" default-y="-5.00" dynamics="102.22">
        <pitch>
          <step>G</step>
          <octave>3</octave>
          </pitch>
        <duration>16</duration>
        <voice>1</voice>
        <type>quarter</type>
        <time-modification>
          <actual-notes>3</actual-notes>
          <normal-notes>2</normal-notes>
          <normal-type>eighth</normal-type>
          </time-modification>
        <stem>down</stem>
        <staff>1</staff>
        <notations>
          <tuplet type="start" bracket="yes"/>
          </notations>
        </note>
      <note default-x="278.29" default-y="-10.00" dynamics="74.44">
        <pitch>
          <step>F</step>
          <octave>3</octave>
          </pitch>
        <duration>8</duration>
        <voice>1</voice>
        <type>eighth</type>
        <time-modification>
          <actual-notes>3</actual-notes>
          <normal-notes>2</normal-notes>
          <normal-type>eighth</normal-type>
          </time-modification>
        <stem>down</stem>
        <staff>1</staff>
        <notations>
          <tuplet type="stop"/>
          </notations>
        </note>
      <note>
        <rest/>
        <duration>6</duration>
        <voice>1</voice>
        <type>16th</type>
        <staff>1</staff>
        </note>
      <note>
        <rest/>
        <duration>3</duration>
        <voice>1</voice>
        <type>32nd</type>
        <staff>1</staff>
        </note>
      <note default-x="386.51" default-y="-5.00" dynamics="73.33">
        <pitch>
          <step>G</step>
          <alter>-1</alter>
          <octave>3</octave>
          </pitch>
        <duration>3</duration>
        <tie type="start"/>
        <voice>1</voice>
        <type>32nd</type>
        <accidental>flat</accidental>
        <stem>down</stem>
        <staff>1</staff>
        <beam number="1">begin</beam>
        <beam number="2">forward hook</beam>
        <beam number="3">forward hook</beam>
        <notations>
          <tied type="start"/>
          </notations>
        </note>
      <note default-x="409.70" default-y="-5.00" dynamics="73.33">
        <pitch>
          <step>G</step>
          <alter>-1</alter>
          <octave>3</octave>
          </pitch>
        <duration>12</duration>
        <tie type="stop"/>
        <voice>1</voice>
        <type>eighth</type>
        <stem>down</stem>
        <staff>1</staff>
        <beam number="1">end</beam>
        <notations>
          <tied type="stop"/>
          </notations>
        </note>
      <backup>
        <duration>72</duration>
        </backup>
      <note>
        <rest measure="yes"/>
        <duration>72</duration>
        <voice>5</voice>
        <staff>2</staff>
        </note>
      </measure>
    <measure number="28" width="269.97">
      <note default-x="21.54" default-y="-75.00" dynamics="45.56">
        <pitch>
          <step>G</step>
          <octave>1</octave>
          </pitch>
        <duration>24</duration>
        <voice>1</voice>
        <type>quarter</type>
        <accidental>natural</accidental>
        <stem>up</stem>
        <staff>1</staff>
        <notations>
          <articulations>
            <staccato/>
            </articulations>
          </notations>
        </note>
      <note default-x="95.54" default-y="-10.00" dynamics="77.78">
        <pitch>
          <step>F</step>
          <octave>3</octave>
          </pitch>
        <duration>16</duration>
        <voice>1</voice>
        <type>quarter</type>
        <time-modification>
          <actual-notes>3</actual-notes>
          <normal-notes>2</normal-notes>
          <normal-type>eighth</normal-type>
          </time-modification>
        <stem>down</stem>
        <staff>1</staff>
        <notations>
          <tuplet type="start" bracket="yes"/>
          </notations>
        </note>
      <note default-x="156.23" default-y="-10.00" dynamics="42.22">
        <pitch>
          <step>F</step>
          <octave>3</octave>
          </pitch>
        <duration>8</duration>
        <voice>1</voice>
        <type>eighth</type>
        <time-modification>
          <actual-notes>3</actual-notes>
          <normal-notes>2</normal-notes>
          <normal-type>eighth</normal-type>
          </time-modification>
        <stem>down</stem>
        <staff>1</staff>
        <notations>
          <tuplet type="stop"/>
          </notations>
        </note>
      <note default-x="194.17" default-y="-5.00" dynamics="78.89">
        <pitch>
          <step>G</step>
          <alter>-1</alter>
          <octave>3</octave>
          </pitch>
        <duration>24</duration>
        <voice>1</voice>
        <type>quarter</type>
        <stem>down</stem>
        <staff>1</staff>
        <notations>
          <articulations>
            <staccato/>
            </articulations>
          </notations>
        </note>
      <backup>
        <duration>72</duration>
        </backup>
      <note>
        <rest measure="yes"/>
        <duration>72</duration>
        <voice>5</voice>
        <staff>2</staff>
        </note>
      </measure>
    <measure number="29" width="282.31">
      <note>
        <rest/>
        <duration>12</duration>
        <voice>1</voice>
        <type>eighth</type>
        <staff>1</staff>
        </note>
      <note default-x="62.74" default-y="-25.00" dynamics="85.56">
        <pitch>
          <step>C</step>
          <octave>3</octave>
          </pitch>
        <duration>12</duration>
        <voice>1</voice>
        <type>eighth</type>
        <stem>up</stem>
        <staff>1</staff>
        </note>
      <note>
        <rest/>
        <duration>24</duration>
        <voice>1</voice>
        <type>quarter</type>
        <staff>1</staff>
        </note>
      <note>
        <rest/>
        <duration>24</duration>
        <voice>1</voice>
        <type>quarter</type>
        <staff>1</staff>
        </note>
      <backup>
        <duration>72</duration>
        </backup>
      <note>
        <rest measure="yes"/>
        <duration>72</duration>
        <voice>5</voice>
        <staff>2</staff>
        </note>
      <barline location="right">
        <bar-style>light-heavy</bar-style>
        </barline>
      </measure>
    </part>
  </score-partwise>
