<?xml version="1.0" encoding="UTF-8"?>
<!DOCTYPE score-partwise PUBLIC "-//Recordare//DTD MusicXML 3.1 Partwise//EN" "http://www.musicxml.org/dtds/partwise.dtd">
<score-partwise version="3.1">
  <identification>
    <encoding>
      <software>MuseScore 3.6.2</software>
      <encoding-date>2025-02-27</encoding-date>
      <supports element="accidental" type="yes"/>
      <supports element="beam" type="yes"/>
      <supports element="print" attribute="new-page" type="yes" value="yes"/>
      <supports element="print" attribute="new-system" type="yes" value="yes"/>
      <supports element="stem" type="yes"/>
      </encoding>
    </identification>
  <defaults>
    <scaling>
      <millimeters>6.99911</millimeters>
      <tenths>40</tenths>
      </scaling>
    <page-layout>
      <page-height>1697.36</page-height>
      <page-width>1200.15</page-width>
      <page-margins type="even">
        <left-margin>85.7252</left-margin>
        <right-margin>85.7252</right-margin>
        <top-margin>85.7252</top-margin>
        <bottom-margin>85.7252</bottom-margin>
        </page-margins>
      <page-margins type="odd">
        <left-margin>85.7252</left-margin>
        <right-margin>85.7252</right-margin>
        <top-margin>85.7252</top-margin>
        <bottom-margin>85.7252</bottom-margin>
        </page-margins>
      </page-layout>
    <word-font font-family="Edwin" font-size="10"/>
    <lyric-font font-family="Edwin" font-size="10"/>
    </defaults>
  <part-list>
    <score-part id="P1">
      <part-name>Piano elettrico</part-name>
      <part-abbreviation>P-no el.</part-abbreviation>
      <score-instrument id="P1-I1">
        <instrument-name>Piano elettrico</instrument-name>
        </score-instrument>
      <midi-device id="P1-I1" port="1"></midi-device>
      <midi-instrument id="P1-I1">
        <midi-channel>1</midi-channel>
        <midi-program>5</midi-program>
        <volume>78.7402</volume>
        <pan>0</pan>
        </midi-instrument>
      </score-part>
    </part-list>
  <part id="P1">
    <measure number="1" width="248.74">
      <print>
        <system-layout>
          <system-margins>
            <left-margin>64.90</left-margin>
            <right-margin>0.00</right-margin>
            </system-margins>
          <top-system-distance>170.00</top-system-distance>
          </system-layout>
        <staff-layout number="2">
          <staff-distance>65.00</staff-distance>
          </staff-layout>
        </print>
      <attributes>
        <divisions>120</divisions>
        <key>
          <fifths>4</fifths>
          </key>
        <time>
          <beats>4</beats>
          <beat-type>4</beat-type>
          </time>
        <staves>2</staves>
        <clef number="1">
          <sign>F</sign>
          <line>4</line>
          </clef>
        <clef number="2">
          <sign>F</sign>
          <line>4</line>
          </clef>
        </attributes>
      <direction placement="above">
        <direction-type>
          <metronome parentheses="no" default-x="-37.68" relative-y="20.00">
            <beat-unit>quarter</beat-unit>
            <per-minute>163</per-minute>
            </metronome>
          </direction-type>
        <staff>1</staff>
        <sound tempo="163"/>
        </direction>
      <note default-x="133.23" default-y="-20.00" dynamics="90.00">
        <pitch>
          <step>D</step>
          <alter>1</alter>
          <octave>3</octave>
          </pitch>
        <duration>120</duration>
        <voice>1</voice>
        <type>quarter</type>
        <stem>down</stem>
        <staff>1</staff>
        </note>
      <note default-x="161.66" default-y="-20.00" dynamics="95.56">
        <pitch>
          <step>D</step>
          <alter>1</alter>
          <octave>3</octave>
          </pitch>
        <duration>120</duration>
        <voice>1</voice>
        <type>quarter</type>
        <stem>down</stem>
        <staff>1</staff>
        </note>
      <note default-x="190.09" default-y="-20.00" dynamics="85.56">
        <pitch>
          <step>D</step>
          <alter>1</alter>
          <octave>3</octave>
          </pitch>
        <duration>120</duration>
        <voice>1</voice>
        <type>quarter</type>
        <stem>down</stem>
        <staff>1</staff>
        <notations>
          <articulations>
            <staccato/>
            </articulations>
          </notations>
        </note>
      <note default-x="218.51" default-y="-5.00" dynamics="67.78">
        <pitch>
          <step>G</step>
          <alter>1</alter>
          <octave>3</octave>
          </pitch>
        <duration>120</duration>
        <voice>1</voice>
        <type>quarter</type>
        <stem>down</stem>
        <staff>1</staff>
        <notations>
          <articulations>
            <staccato/>
            </articulations>
          </notations>
        </note>
      <backup>
        <duration>480</duration>
        </backup>
      <note>
        <rest measure="yes"/>
        <duration>480</duration>
        <voice>5</voice>
        <staff>2</staff>
        </note>
      </measure>
    <measure number="2" width="306.76">
      <attributes>
        <clef number="1" after-barline="yes">
          <sign>G</sign>
          <line>2</line>
          </clef>
        </attributes>
      <note default-x="38.48" default-y="-10.00" dynamics="32.22">
        <pitch>
          <step>D</step>
          <alter>1</alter>
          <octave>5</octave>
          </pitch>
        <duration>120</duration>
        <voice>1</voice>
        <type>quarter</type>
        <stem>down</stem>
        <staff>1</staff>
        <notations>
          <articulations>
            <staccato/>
            </articulations>
          </notations>
        </note>
      <attributes>
        <clef number="1">
          <sign>F</sign>
          <line>4</line>
          </clef>
        </attributes>
      <note default-x="90.71" default-y="-20.00" dynamics="60.00">
        <pitch>
          <step>D</step>
          <alter>1</alter>
          <octave>3</octave>
          </pitch>
        <duration>60</duration>
        <voice>1</voice>
        <type>eighth</type>
        <stem>down</stem>
        <staff>1</staff>
        <beam number="1">begin</beam>
        </note>
      <note default-x="120.96" default-y="-15.00" dynamics="61.11">
        <pitch>
          <step>E</step>
          <octave>3</octave>
          </pitch>
        <duration>60</duration>
        <voice>1</voice>
        <type>eighth</type>
        <stem>down</stem>
        <staff>1</staff>
        <beam number="1">end</beam>
        </note>
      <note>
        <rest/>
        <duration>24</duration>
        <voice>1</voice>
        <type>16th</type>
        <time-modification>
          <actual-notes>5</actual-notes>
          <normal-notes>4</normal-notes>
          <normal-type>eighth</normal-type>
          </time-modification>
        <staff>1</staff>
        <notations>
          <tuplet type="start" bracket="yes"/>
          </notations>
        </note>
      <note default-x="168.07" default-y="-20.00" dynamics="54.44">
        <pitch>
          <step>D</step>
          <alter>1</alter>
          <octave>3</octave>
          </pitch>
        <duration>24</duration>
        <tie type="start"/>
        <voice>1</voice>
        <type>16th</type>
        <time-modification>
          <actual-notes>5</actual-notes>
          <normal-notes>4</normal-notes>
          <normal-type>eighth</normal-type>
          </time-modification>
        <stem>down</stem>
        <staff>1</staff>
        <beam number="1">begin</beam>
        <beam number="2">forward hook</beam>
        <notations>
          <tied type="start"/>
          </notations>
        </note>
      <note default-x="190.08" default-y="-20.00" dynamics="54.44">
        <pitch>
          <step>D</step>
          <alter>1</alter>
          <octave>3</octave>
          </pitch>
        <duration>48</duration>
        <tie type="stop"/>
        <voice>1</voice>
        <type>eighth</type>
        <time-modification>
          <actual-notes>5</actual-notes>
          <normal-notes>4</normal-notes>
          <normal-type>eighth</normal-type>
          </time-modification>
        <stem>down</stem>
        <staff>1</staff>
        <beam number="1">continue</beam>
        <notations>
          <tied type="stop"/>
          </notations>
        </note>
      <note default-x="190.08" default-y="50.00" dynamics="43.33">
        <chord/>
        <pitch>
          <step>D</step>
          <alter>1</alter>
          <octave>5</octave>
          </pitch>
        <duration>48</duration>
        <voice>1</voice>
        <type>eighth</type>
        <time-modification>
          <actual-notes>5</actual-notes>
          <normal-notes>4</normal-notes>
          <normal-type>eighth</normal-type>
          </time-modification>
        <stem>down</stem>
        <staff>1</staff>
        </note>
      <note default-x="217.07" default-y="-20.00" dynamics="77.78">
        <pitch>
          <step>D</step>
          <alter>1</alter>
          <octave>3</octave>
          </pitch>
        <duration>48</duration>
        <voice>1</voice>
        <type>eighth</type>
        <time-modification>
          <actual-notes>5</actual-notes>
          <normal-notes>4</normal-notes>
          <normal-type>eighth</normal-type>
          </time-modification>
        <stem>down</stem>
        <staff>1</staff>
        <beam number="1">continue</beam>
        </note>
      <note default-x="244.06" default-y="-20.00" dynamics="111.11">
        <pitch>
          <step>D</step>
          <alter>1</alter>
          <octave>3</octave>
          </pitch>
        <duration>72</duration>
        <voice>1</voice>
        <type>eighth</type>
        <dot/>
        <time-modification>
          <actual-notes>5</actual-notes>
          <normal-notes>4</normal-notes>
          <normal-type>eighth</normal-type>
          </time-modification>
        <stem>down</stem>
        <staff>1</staff>
        <beam number="1">continue</beam>
        </note>
      <note default-x="276.97" default-y="-20.00" dynamics="76.67">
        <pitch>
          <step>D</step>
          <alter>1</alter>
          <octave>3</octave>
          </pitch>
        <duration>24</duration>
        <tie type="start"/>
        <voice>1</voice>
        <type>16th</type>
        <time-modification>
          <actual-notes>5</actual-notes>
          <normal-notes>4</normal-notes>
          <normal-type>eighth</normal-type>
          </time-modification>
        <stem>down</stem>
        <staff>1</staff>
        <beam number="1">end</beam>
        <beam number="2">backward hook</beam>
        <notations>
          <tied type="start"/>
          <tuplet type="stop"/>
          </notations>
        </note>
      <backup>
        <duration>480</duration>
        </backup>
      <note default-x="38.48" default-y="-110.00" dynamics="94.44">
        <pitch>
          <step>G</step>
          <alter>1</alter>
          <octave>3</octave>
          </pitch>
        <duration>120</duration>
        <voice>5</voice>
        <type>quarter</type>
        <stem>down</stem>
        <staff>2</staff>
        </note>
      <note>
        <rest/>
        <duration>120</duration>
        <voice>5</voice>
        <type>quarter</type>
        <staff>2</staff>
        </note>
      <note>
        <rest/>
        <duration>240</duration>
        <voice>5</voice>
        <type>half</type>
        <staff>2</staff>
        </note>
      </measure>
    <measure number="3" width="173.78">
      <note default-x="13.00" default-y="-20.00" dynamics="76.67">
        <pitch>
          <step>D</step>
          <alter>1</alter>
          <octave>3</octave>
          </pitch>
        <duration>120</duration>
        <tie type="stop"/>
        <voice>1</voice>
        <type>quarter</type>
        <stem>down</stem>
        <staff>1</staff>
        <notations>
          <tied type="stop"/>
          </notations>
        </note>
      <attributes>
        <clef number="1">
          <sign>G</sign>
          <line>2</line>
          </clef>
        </attributes>
      <note default-x="67.97" default-y="-65.00" dynamics="74.44">
        <pitch>
          <step>G</step>
          <alter>1</alter>
          <octave>3</octave>
          </pitch>
        <duration>120</duration>
        <voice>1</voice>
        <type>quarter</type>
        <stem>up</stem>
        <staff>1</staff>
        <notations>
          <articulations>
            <staccato/>
            </articulations>
          </notations>
        </note>
      <note default-x="102.64" default-y="-10.00" dynamics="57.78">
        <pitch>
          <step>D</step>
          <alter>1</alter>
          <octave>5</octave>
          </pitch>
        <duration>120</duration>
        <voice>1</voice>
        <type>quarter</type>
        <stem>down</stem>
        <staff>1</staff>
        <notations>
          <articulations>
            <staccato/>
            </articulations>
          </notations>
        </note>
      <note default-x="137.31" default-y="-65.00" dynamics="97.78">
        <pitch>
          <step>G</step>
          <alter>1</alter>
          <octave>3</octave>
          </pitch>
        <duration>120</duration>
        <tie type="start"/>
        <voice>1</voice>
        <type>quarter</type>
        <stem>up</stem>
        <staff>1</staff>
        <notations>
          <tied type="start"/>
          </notations>
        </note>
      <backup>
        <duration>480</duration>
        </backup>
      <note>
        <rest/>
        <duration>240</duration>
        <voice>5</voice>
        <type>half</type>
        <staff>2</staff>
        </note>
      <note default-x="102.64" default-y="-110.00" dynamics="78.89">
        <pitch>
          <step>G</step>
          <alter>1</alter>
          <octave>3</octave>
          </pitch>
        <duration>120</duration>
        <voice>5</voice>
        <type>quarter</type>
        <stem>down</stem>
        <staff>2</staff>
        </note>
      <note>
        <rest/>
        <duration>120</duration>
        <voice>5</voice>
        <type>quarter</type>
        <staff>2</staff>
        </note>
      </measure>
    <measure number="4" width="234.52">
      <note default-x="16.50" default-y="-65.00" dynamics="97.78">
        <pitch>
          <step>G</step>
          <alter>1</alter>
          <octave>3</octave>
          </pitch>
        <duration>60</duration>
        <tie type="stop"/>
        <voice>1</voice>
        <type>eighth</type>
        <stem>up</stem>
        <staff>1</staff>
        <notations>
          <tied type="stop"/>
          </notations>
        </note>
      <note default-x="58.09" default-y="-65.00" dynamics="98.89">
        <pitch>
          <step>G</step>
          <octave>3</octave>
          </pitch>
        <duration>180</duration>
        <voice>1</voice>
        <type>quarter</type>
        <dot/>
        <accidental>natural</accidental>
        <stem>up</stem>
        <staff>1</staff>
        <notations>
          <articulations>
            <staccato/>
            </articulations>
          </notations>
        </note>
      <note>
        <rest/>
        <duration>120</duration>
        <voice>1</voice>
        <type>quarter</type>
        <staff>1</staff>
        </note>
      <note>
        <rest/>
        <duration>60</duration>
        <voice>1</voice>
        <type>eighth</type>
        <staff>1</staff>
        </note>
      <attributes>
        <clef number="1">
          <sign>F</sign>
          <line>4</line>
          </clef>
        </attributes>
      <note default-x="204.72" default-y="-5.00" dynamics="90.00">
        <pitch>
          <step>G</step>
          <alter>1</alter>
          <octave>3</octave>
          </pitch>
        <duration>60</duration>
        <voice>1</voice>
        <type>eighth</type>
        <accidental>sharp</accidental>
        <stem>down</stem>
        <staff>1</staff>
        </note>
      <backup>
        <duration>480</duration>
        </backup>
      <note>
        <rest measure="yes"/>
        <duration>480</duration>
        <voice>5</voice>
        <staff>2</staff>
        </note>
      </measure>
    <measure number="5" width="259.34">
      <print new-system="yes">
        <system-layout>
          <system-margins>
            <left-margin>14.90</left-margin>
            <right-margin>0.00</right-margin>
            </system-margins>
          <system-distance>134.70</system-distance>
          </system-layout>
        <staff-layout number="2">
          <staff-distance>65.00</staff-distance>
          </staff-layout>
        </print>
      <note default-x="111.11" default-y="-15.00" dynamics="58.89">
        <pitch>
          <step>E</step>
          <octave>3</octave>
          </pitch>
        <duration>120</duration>
        <voice>1</voice>
        <type>quarter</type>
        <stem>down</stem>
        <staff>1</staff>
        </note>
      <note default-x="143.22" default-y="-15.00" dynamics="61.11">
        <pitch>
          <step>E</step>
          <octave>3</octave>
          </pitch>
        <duration>60</duration>
        <voice>1</voice>
        <type>eighth</type>
        <stem>down</stem>
        <staff>1</staff>
        <beam number="1">begin</beam>
        </note>
      <note default-x="163.28" default-y="-20.00" dynamics="78.89">
        <pitch>
          <step>D</step>
          <alter>1</alter>
          <octave>3</octave>
          </pitch>
        <duration>60</duration>
        <voice>1</voice>
        <type>eighth</type>
        <stem>down</stem>
        <staff>1</staff>
        <beam number="1">end</beam>
        </note>
      <note default-x="193.32" default-y="-75.00" dynamics="46.67">
        <pitch>
          <step>G</step>
          <octave>1</octave>
          </pitch>
        <duration>120</duration>
        <voice>1</voice>
        <type>quarter</type>
        <accidental>natural</accidental>
        <stem>up</stem>
        <staff>1</staff>
        </note>
      <note>
        <rest/>
        <duration>120</duration>
        <voice>1</voice>
        <type>quarter</type>
        <staff>1</staff>
        </note>
      <backup>
        <duration>480</duration>
        </backup>
      <note>
        <rest measure="yes"/>
        <duration>480</duration>
        <voice>5</voice>
        <staff>2</staff>
        </note>
      </measure>
    <measure number="6" width="184.95">
      <note default-x="13.00" default-y="-20.00" dynamics="78.89">
        <pitch>
          <step>D</step>
          <alter>1</alter>
          <octave>3</octave>
          </pitch>
        <duration>120</duration>
        <voice>1</voice>
        <type>quarter</type>
        <stem>down</stem>
        <staff>1</staff>
        <notations>
          <articulations>
            <staccato/>
            </articulations>
          </notations>
        </note>
      <note default-x="49.52" default-y="-5.00" dynamics="40.00">
        <pitch>
          <step>G</step>
          <alter>1</alter>
          <octave>3</octave>
          </pitch>
        <duration>120</duration>
        <voice>1</voice>
        <type>quarter</type>
        <stem>down</stem>
        <staff>1</staff>
        <notations>
          <articulations>
            <staccato/>
            </articulations>
          </notations>
        </note>
      <attributes>
        <clef number="1">
          <sign>G</sign>
          <line>2</line>
          </clef>
        </attributes>
      <note default-x="100.99" default-y="-10.00" dynamics="45.56">
        <pitch>
          <step>D</step>
          <alter>1</alter>
          <octave>5</octave>
          </pitch>
        <duration>120</duration>
        <voice>1</voice>
        <type>quarter</type>
        <stem>down</stem>
        <staff>1</staff>
        <notations>
          <articulations>
            <staccato/>
            </articulations>
          </notations>
        </note>
      <note>
        <rest/>
        <duration>120</duration>
        <voice>1</voice>
        <type>quarter</type>
        <staff>1</staff>
        </note>
      <backup>
        <duration>480</duration>
        </backup>
      <note>
        <rest/>
        <duration>240</duration>
        <voice>5</voice>
        <type>half</type>
        <staff>2</staff>
        </note>
      <note default-x="100.99" default-y="-110.00" dynamics="107.78">
        <pitch>
          <step>G</step>
          <alter>1</alter>
          <octave>3</octave>
          </pitch>
        <duration>60</duration>
        <voice>5</voice>
        <type>eighth</type>
        <stem>down</stem>
        <staff>2</staff>
        <beam number="1">begin</beam>
        </note>
      <note default-x="123.81" default-y="-110.00" dynamics="100.00">
        <pitch>
          <step>G</step>
          <alter>1</alter>
          <octave>3</octave>
          </pitch>
        <duration>60</duration>
        <voice>5</voice>
        <type>eighth</type>
        <stem>down</stem>
        <staff>2</staff>
        <beam number="1">end</beam>
        </note>
      <note default-x="146.64" default-y="-110.00" dynamics="110.00">
        <pitch>
          <step>G</step>
          <alter>1</alter>
          <octave>3</octave>
          </pitch>
        <duration>120</duration>
        <voice>5</voice>
        <type>quarter</type>
        <stem>down</stem>
        <staff>2</staff>
        </note>
      </measure>
    <measure number="7" width="156.38">
      <note>
        <rest measure="yes"/>
        <duration>480</duration>
        <voice>1</voice>
        <staff>1</staff>
        </note>
      <backup>
        <duration>480</duration>
        </backup>
      <note default-x="13.00" default-y="-110.00" dynamics="101.11">
        <pitch>
          <step>G</step>
          <alter>1</alter>
          <octave>3</octave>
          </pitch>
        <duration>120</duration>
        <voice>5</voice>
        <type>quarter</type>
        <stem>down</stem>
        <staff>2</staff>
        </note>
      <note default-x="48.40" default-y="-110.00" dynamics="94.44">
        <pitch>
          <step>G</step>
          <octave>3</octave>
          </pitch>
        <duration>120</duration>
        <voice>5</voice>
        <type>quarter</type>
        <accidental>natural</accidental>
        <stem>down</stem>
        <staff>2</staff>
        <notations>
          <articulations>
            <staccato/>
            </articulations>
          </notations>
        </note>
      <note default-x="83.79" default-y="-120.00" dynamics="91.11">
        <pitch>
          <step>E</step>
          <octave>3</octave>
          </pitch>
        <duration>120</duration>
        <voice>5</voice>
        <type>quarter</type>
        <stem>down</stem>
        <staff>2</staff>
        <notations>
          <articulations>
            <staccato/>
            </articulations>
          </notations>
        </note>
      <note default-x="119.19" default-y="-110.00" dynamics="86.67">
        <pitch>
          <step>G</step>
          <alter>1</alter>
          <octave>3</octave>
          </pitch>
        <duration>120</duration>
        <voice>5</voice>
        <type>quarter</type>
        <accidental>sharp</accidental>
        <stem>down</stem>
        <staff>2</staff>
        <notations>
          <articulations>
            <staccato/>
            </articulations>
          </notations>
        </note>
      </measure>
    <measure number="8" width="161.18">
      <note>
        <rest measure="yes"/>
        <duration>480</duration>
        <voice>1</voice>
        <staff>1</staff>
        </note>
      <backup>
        <duration>480</duration>
        </backup>
      <note default-x="13.00" default-y="-120.00" dynamics="95.56">
        <pitch>
          <step>E</step>
          <octave>3</octave>
          </pitch>
        <duration>80</duration>
        <voice>5</voice>
        <type>quarter</type>
        <time-modification>
          <actual-notes>3</actual-notes>
          <normal-notes>2</normal-notes>
          </time-modification>
        <stem>down</stem>
        <staff>2</staff>
        <notations>
          <tuplet type="start" bracket="yes"/>
          </notations>
        </note>
      <note default-x="37.44" default-y="-120.00" dynamics="91.11">
        <pitch>
          <step>E</step>
          <octave>3</octave>
          </pitch>
        <duration>80</duration>
        <voice>5</voice>
        <type>quarter</type>
        <time-modification>
          <actual-notes>3</actual-notes>
          <normal-notes>2</normal-notes>
          </time-modification>
        <stem>down</stem>
        <staff>2</staff>
        </note>
      <note>
        <rest/>
        <duration>80</duration>
        <voice>5</voice>
        <type>quarter</type>
        <time-modification>
          <actual-notes>3</actual-notes>
          <normal-notes>2</normal-notes>
          </time-modification>
        <staff>2</staff>
        <notations>
          <tuplet type="stop"/>
          </notations>
        </note>
      <note>
        <rest/>
        <duration>120</duration>
        <voice>5</voice>
        <type>quarter</type>
        <staff>2</staff>
        </note>
      <note default-x="116.11" default-y="-125.00" dynamics="80.00">
        <pitch>
          <step>D</step>
          <alter>1</alter>
          <octave>3</octave>
          </pitch>
        <duration>40</duration>
        <voice>5</voice>
        <type>eighth</type>
        <time-modification>
          <actual-notes>3</actual-notes>
          <normal-notes>2</normal-notes>
          <normal-type>eighth</normal-type>
          </time-modification>
        <stem>down</stem>
        <staff>2</staff>
        <notations>
          <tuplet type="start" bracket="yes"/>
          </notations>
        </note>
      <note default-x="131.38" default-y="-120.00" dynamics="65.56">
        <pitch>
          <step>E</step>
          <octave>3</octave>
          </pitch>
        <duration>80</duration>
        <voice>5</voice>
        <type>quarter</type>
        <time-modification>
          <actual-notes>3</actual-notes>
          <normal-notes>2</normal-notes>
          <normal-type>eighth</normal-type>
          </time-modification>
        <stem>down</stem>
        <staff>2</staff>
        <notations>
          <tuplet type="stop"/>
          </notations>
        </note>
      </measure>
    <measure number="9" width="251.94">
      <note>
        <rest measure="yes"/>
        <duration>480</duration>
        <voice>1</voice>
        <staff>1</staff>
        </note>
      <backup>
        <duration>480</duration>
        </backup>
      <note>
        <rest/>
        <duration>60</duration>
        <voice>5</voice>
        <type>eighth</type>
        <staff>2</staff>
        </note>
      <note default-x="37.28" default-y="-110.00" dynamics="65.56">
        <pitch>
          <step>G</step>
          <alter>1</alter>
          <octave>3</octave>
          </pitch>
        <duration>60</duration>
        <voice>5</voice>
        <type>eighth</type>
        <stem>down</stem>
        <staff>2</staff>
        </note>
      <note>
        <rest/>
        <duration>60</duration>
        <voice>5</voice>
        <type>eighth</type>
        <staff>2</staff>
        </note>
      <note default-x="85.83" default-y="-110.00" dynamics="85.56">
        <pitch>
          <step>G</step>
          <alter>1</alter>
          <octave>3</octave>
          </pitch>
        <duration>60</duration>
        <tie type="start"/>
        <voice>5</voice>
        <type>eighth</type>
        <stem>down</stem>
        <staff>2</staff>
        <notations>
          <tied type="start"/>
          </notations>
        </note>
      <note default-x="110.10" default-y="-110.00" dynamics="85.56">
        <pitch>
          <step>G</step>
          <alter>1</alter>
          <octave>3</octave>
          </pitch>
        <duration>120</duration>
        <tie type="stop"/>
        <voice>5</voice>
        <type>quarter</type>
        <stem>down</stem>
        <staff>2</staff>
        <notations>
          <tied type="stop"/>
          </notations>
        </note>
      <note default-x="145.16" default-y="-105.00" dynamics="56.67">
        <pitch>
          <step>A</step>
          <octave>3</octave>
          </pitch>
        <duration>40</duration>
        <voice>5</voice>
        <type>eighth</type>
        <time-modification>
          <actual-notes>3</actual-notes>
          <normal-notes>2</normal-notes>
          </time-modification>
        <stem>up</stem>
        <staff>2</staff>
        <beam number="1">begin</beam>
        <notations>
          <tuplet type="start" bracket="no"/>
          </notations>
        </note>
      <attributes>
        <clef number="2">
          <sign>G</sign>
          <line>2</line>
          </clef>
        </attributes>
      <note default-x="200.13" default-y="-170.00" dynamics="98.89">
        <pitch>
          <step>G</step>
          <alter>1</alter>
          <octave>3</octave>
          </pitch>
        <duration>40</duration>
        <tie type="start"/>
        <voice>5</voice>
        <type>eighth</type>
        <time-modification>
          <actual-notes>3</actual-notes>
          <normal-notes>2</normal-notes>
          </time-modification>
        <stem>up</stem>
        <staff>2</staff>
        <beam number="1">continue</beam>
        <notations>
          <tied type="start"/>
          </notations>
        </note>
      <note default-x="222.14" default-y="-170.00" dynamics="98.89">
        <pitch>
          <step>G</step>
          <alter>1</alter>
          <octave>3</octave>
          </pitch>
        <duration>40</duration>
        <tie type="stop"/>
        <voice>5</voice>
        <type>eighth</type>
        <time-modification>
          <actual-notes>3</actual-notes>
          <normal-notes>2</normal-notes>
          </time-modification>
        <stem>up</stem>
        <staff>2</staff>
        <beam number="1">end</beam>
        <notations>
          <tied type="stop"/>
          <tuplet type="stop"/>
          </notations>
        </note>
      <note default-x="222.14" default-y="-135.00" dynamics="70.00">
        <chord/>
        <pitch>
          <step>G</step>
          <alter>1</alter>
          <octave>4</octave>
          </pitch>
        <duration>40</duration>
        <tie type="start"/>
        <voice>5</voice>
        <type>eighth</type>
        <time-modification>
          <actual-notes>3</actual-notes>
          <normal-notes>2</normal-notes>
          </time-modification>
        <stem>up</stem>
        <staff>2</staff>
        <notations>
          <tied type="start"/>
          </notations>
        </note>
      </measure>
    <measure number="10" width="312.93">
      <print new-system="yes">
        <system-layout>
          <system-margins>
            <left-margin>14.90</left-margin>
            <right-margin>0.00</right-margin>
            </system-margins>
          <system-distance>134.70</system-distance>
          </system-layout>
        <staff-layout number="2">
          <staff-distance>65.00</staff-distance>
          </staff-layout>
        </print>
      <note>
        <rest measure="yes"/>
        <duration>480</duration>
        <voice>1</voice>
        <staff>1</staff>
        </note>
      <backup>
        <duration>480</duration>
        </backup>
      <note default-x="113.65" default-y="-170.00" dynamics="96.67">
        <pitch>
          <step>G</step>
          <alter>1</alter>
          <octave>3</octave>
          </pitch>
        <duration>120</duration>
        <tie type="start"/>
        <voice>5</voice>
        <type>quarter</type>
        <stem>up</stem>
        <staff>2</staff>
        <notations>
          <tied type="start"/>
          </notations>
        </note>
      <note default-x="113.65" default-y="-135.00" dynamics="70.00">
        <chord/>
        <pitch>
          <step>G</step>
          <alter>1</alter>
          <octave>4</octave>
          </pitch>
        <duration>120</duration>
        <tie type="stop"/>
        <voice>5</voice>
        <type>quarter</type>
        <stem>up</stem>
        <staff>2</staff>
        <notations>
          <tied type="stop"/>
          </notations>
        </note>
      <note default-x="154.87" default-y="-170.00" dynamics="96.67">
        <pitch>
          <step>G</step>
          <alter>1</alter>
          <octave>3</octave>
          </pitch>
        <duration>60</duration>
        <tie type="stop"/>
        <voice>5</voice>
        <type>eighth</type>
        <stem>up</stem>
        <staff>2</staff>
        <beam number="1">begin</beam>
        <notations>
          <tied type="stop"/>
          </notations>
        </note>
      <note default-x="180.64" default-y="-170.00" dynamics="106.67">
        <pitch>
          <step>G</step>
          <alter>1</alter>
          <octave>3</octave>
          </pitch>
        <duration>60</duration>
        <voice>5</voice>
        <type>eighth</type>
        <stem>up</stem>
        <staff>2</staff>
        <beam number="1">end</beam>
        </note>
      <attributes>
        <clef number="2">
          <sign>F</sign>
          <line>4</line>
          </clef>
        </attributes>
      <note default-x="232.87" default-y="-110.00" dynamics="88.89">
        <pitch>
          <step>G</step>
          <alter>1</alter>
          <octave>3</octave>
          </pitch>
        <duration>180</duration>
        <voice>5</voice>
        <type>quarter</type>
        <dot/>
        <stem>down</stem>
        <staff>2</staff>
        </note>
      <note default-x="283.14" default-y="-110.00" dynamics="61.11">
        <pitch>
          <step>G</step>
          <alter>1</alter>
          <octave>3</octave>
          </pitch>
        <duration>60</duration>
        <tie type="start"/>
        <voice>5</voice>
        <type>eighth</type>
        <stem>down</stem>
        <staff>2</staff>
        <notations>
          <tied type="start"/>
          </notations>
        </note>
      </measure>
    <measure number="11" width="181.73">
      <note>
        <rest measure="yes"/>
        <duration>480</duration>
        <voice>1</voice>
        <staff>1</staff>
        </note>
      <backup>
        <duration>480</duration>
        </backup>
      <note default-x="13.00" default-y="-110.00" dynamics="61.11">
        <pitch>
          <step>G</step>
          <alter>1</alter>
          <octave>3</octave>
          </pitch>
        <duration>60</duration>
        <tie type="stop"/>
        <voice>5</voice>
        <type>eighth</type>
        <stem>up</stem>
        <staff>2</staff>
        <beam number="1">begin</beam>
        <notations>
          <tied type="stop"/>
          </notations>
        </note>
      <note default-x="35.39" default-y="-125.00" dynamics="68.89">
        <pitch>
          <step>D</step>
          <alter>1</alter>
          <octave>3</octave>
          </pitch>
        <duration>60</duration>
        <voice>5</voice>
        <type>eighth</type>
        <stem>up</stem>
        <staff>2</staff>
        <beam number="1">end</beam>
        </note>
      <note>
        <rest/>
        <duration>120</duration>
        <voice>5</voice>
        <type>quarter</type>
        <staff>2</staff>
        </note>
      <note default-x="112.38" default-y="-180.00" dynamics="53.33">
        <pitch>
          <step>G</step>
          <octave>1</octave>
          </pitch>
        <duration>240</duration>
        <voice>5</voice>
        <type>half</type>
        <accidental>natural</accidental>
        <stem>up</stem>
        <staff>2</staff>
        </note>
      <backup>
        <duration>480</duration>
        </backup>
      <note>
        <rest/>
        <duration>120</duration>
        <voice>6</voice>
        <type>quarter</type>
        <staff>2</staff>
        </note>
      <note>
        <rest/>
        <duration>60</duration>
        <voice>6</voice>
        <type>eighth</type>
        <staff>2</staff>
        </note>
      <note default-x="80.17" default-y="-125.00" dynamics="67.78">
        <pitch>
          <step>D</step>
          <alter>1</alter>
          <octave>3</octave>
          </pitch>
        <duration>60</duration>
        <tie type="start"/>
        <voice>6</voice>
        <type>eighth</type>
        <stem>down</stem>
        <staff>2</staff>
        <notations>
          <tied type="start"/>
          </notations>
        </note>
      <note default-x="108.28" default-y="-125.00" dynamics="67.78">
        <pitch>
          <step>D</step>
          <alter>1</alter>
          <octave>3</octave>
          </pitch>
        <duration>120</duration>
        <tie type="stop"/>
        <voice>6</voice>
        <type>quarter</type>
        <stem>down</stem>
        <staff>2</staff>
        <notations>
          <tied type="stop"/>
          </notations>
        </note>
      <note>
        <rest/>
        <duration>120</duration>
        <voice>6</voice>
        <type>quarter</type>
        <staff>2</staff>
        </note>
      </measure>
    <measure number="12" width="138.87">
      <note>
        <rest measure="yes"/>
        <duration>480</duration>
        <voice>1</voice>
        <staff>1</staff>
        </note>
      <backup>
        <duration>480</duration>
        </backup>
      <note>
        <rest/>
        <duration>120</duration>
        <voice>5</voice>
        <type>quarter</type>
        <staff>2</staff>
        </note>
      <note default-x="41.55" default-y="-120.00" dynamics="90.00">
        <pitch>
          <step>E</step>
          <octave>3</octave>
          </pitch>
        <duration>120</duration>
        <voice>5</voice>
        <type>quarter</type>
        <stem>down</stem>
        <staff>2</staff>
        </note>
      <note default-x="70.10" default-y="-120.00" dynamics="78.89">
        <pitch>
          <step>E</step>
          <octave>3</octave>
          </pitch>
        <duration>80</duration>
        <voice>5</voice>
        <type>quarter</type>
        <time-modification>
          <actual-notes>3</actual-notes>
          <normal-notes>2</normal-notes>
          <normal-type>eighth</normal-type>
          </time-modification>
        <stem>down</stem>
        <staff>2</staff>
        <notations>
          <tuplet type="start" bracket="yes"/>
          </notations>
        </note>
      <note default-x="93.52" default-y="-125.00" dynamics="80.00">
        <pitch>
          <step>D</step>
          <alter>1</alter>
          <octave>3</octave>
          </pitch>
        <duration>40</duration>
        <voice>5</voice>
        <type>eighth</type>
        <time-modification>
          <actual-notes>3</actual-notes>
          <normal-notes>2</normal-notes>
          <normal-type>eighth</normal-type>
          </time-modification>
        <stem>down</stem>
        <staff>2</staff>
        <notations>
          <tuplet type="stop"/>
          </notations>
        </note>
      <note default-x="108.52" default-y="-120.00" dynamics="80.00">
        <pitch>
          <step>E</step>
          <octave>3</octave>
          </pitch>
        <duration>120</duration>
        <voice>5</voice>
        <type>quarter</type>
        <stem>down</stem>
        <staff>2</staff>
        <notations>
          <articulations>
            <staccato/>
            </articulations>
          </notations>
        </note>
      </measure>
    <measure number="13" width="223.41">
      <note>
        <rest measure="yes"/>
        <duration>480</duration>
        <voice>1</voice>
        <staff>1</staff>
        </note>
      <backup>
        <duration>480</duration>
        </backup>
      <note default-x="13.00" default-y="-110.00" dynamics="100.00">
        <pitch>
          <step>G</step>
          <alter>1</alter>
          <octave>3</octave>
          </pitch>
        <duration>60</duration>
        <voice>5</voice>
        <type>eighth</type>
        <stem>down</stem>
        <staff>2</staff>
        <beam number="1">begin</beam>
        </note>
      <note default-x="39.73" default-y="-105.00" dynamics="50.00">
        <pitch>
          <step>A</step>
          <octave>3</octave>
          </pitch>
        <duration>60</duration>
        <voice>5</voice>
        <type>eighth</type>
        <stem>down</stem>
        <staff>2</staff>
        <beam number="1">continue</beam>
        </note>
      <note default-x="66.46" default-y="-110.00" dynamics="111.11">
        <pitch>
          <step>G</step>
          <alter>1</alter>
          <octave>3</octave>
          </pitch>
        <duration>60</duration>
        <voice>5</voice>
        <type>eighth</type>
        <stem>down</stem>
        <staff>2</staff>
        <beam number="1">continue</beam>
        </note>
      <note default-x="93.19" default-y="-110.00" dynamics="66.67">
        <pitch>
          <step>G</step>
          <octave>3</octave>
          </pitch>
        <duration>60</duration>
        <voice>5</voice>
        <type>eighth</type>
        <accidental>natural</accidental>
        <stem>down</stem>
        <staff>2</staff>
        <beam number="1">end</beam>
        </note>
      <note default-x="119.92" default-y="-110.00" dynamics="94.44">
        <pitch>
          <step>G</step>
          <octave>3</octave>
          </pitch>
        <duration>60</duration>
        <voice>5</voice>
        <type>eighth</type>
        <stem>down</stem>
        <staff>2</staff>
        <beam number="1">begin</beam>
        </note>
      <note default-x="149.38" default-y="-105.00" dynamics="54.44">
        <pitch>
          <step>A</step>
          <alter>1</alter>
          <octave>3</octave>
          </pitch>
        <duration>60</duration>
        <voice>5</voice>
        <type>eighth</type>
        <accidental>sharp</accidental>
        <stem>down</stem>
        <staff>2</staff>
        <beam number="1">end</beam>
        <notations>
          <articulations>
            <staccato/>
            </articulations>
          </notations>
        </note>
      <note default-x="178.84" default-y="-110.00" dynamics="98.89">
        <pitch>
          <step>G</step>
          <alter>1</alter>
          <octave>3</octave>
          </pitch>
        <duration>120</duration>
        <voice>5</voice>
        <type>quarter</type>
        <accidental>sharp</accidental>
        <stem>down</stem>
        <staff>2</staff>
        </note>
      </measure>
    <measure number="14" width="156.86">
      <note>
        <rest measure="yes"/>
        <duration>480</duration>
        <voice>1</voice>
        <staff>1</staff>
        </note>
      <backup>
        <duration>480</duration>
        </backup>
      <note default-x="13.00" default-y="-110.00" dynamics="76.67">
        <pitch>
          <step>G</step>
          <alter>1</alter>
          <octave>3</octave>
          </pitch>
        <duration>120</duration>
        <voice>5</voice>
        <type>quarter</type>
        <stem>down</stem>
        <staff>2</staff>
        </note>
      <note>
        <rest/>
        <duration>120</duration>
        <voice>5</voice>
        <type>quarter</type>
        <staff>2</staff>
        </note>
      <note>
        <rest/>
        <duration>60</duration>
        <voice>5</voice>
        <type>eighth</type>
        <staff>2</staff>
        </note>
      <note default-x="90.27" default-y="-110.00" dynamics="74.44">
        <pitch>
          <step>G</step>
          <alter>1</alter>
          <octave>3</octave>
          </pitch>
        <duration>60</duration>
        <voice>5</voice>
        <type>eighth</type>
        <stem>down</stem>
        <staff>2</staff>
        </note>
      <note>
        <rest/>
        <duration>60</duration>
        <voice>5</voice>
        <type>eighth</type>
        <staff>2</staff>
        </note>
      <note default-x="127.07" default-y="-125.00" dynamics="54.44">
        <pitch>
          <step>D</step>
          <alter>1</alter>
          <octave>3</octave>
          </pitch>
        <duration>60</duration>
        <voice>5</voice>
        <type>eighth</type>
        <stem>down</stem>
        <staff>2</staff>
        </note>
      </measure>
    <measure number="15" width="322.25">
      <print new-system="yes">
        <system-layout>
          <system-margins>
            <left-margin>14.90</left-margin>
            <right-margin>0.00</right-margin>
            </system-margins>
          <system-distance>134.70</system-distance>
          </system-layout>
        <staff-layout number="2">
          <staff-distance>87.12</staff-distance>
          </staff-layout>
        </print>
      <note>
        <rest/>
        <duration>120</duration>
        <voice>1</voice>
        <type>quarter</type>
        <staff>1</staff>
        </note>
      <note default-x="144.61" default-y="-30.00" dynamics="28.89">
        <pitch>
          <step>G</step>
          <alter>1</alter>
          <octave>4</octave>
          </pitch>
        <duration>40</duration>
        <voice>1</voice>
        <type>eighth</type>
        <time-modification>
          <actual-notes>3</actual-notes>
          <normal-notes>2</normal-notes>
          </time-modification>
        <stem>up</stem>
        <staff>1</staff>
        <notations>
          <tuplet type="start" bracket="yes"/>
          </notations>
        </note>
      <note>
        <rest/>
        <duration>40</duration>
        <voice>1</voice>
        <type>eighth</type>
        <time-modification>
          <actual-notes>3</actual-notes>
          <normal-notes>2</normal-notes>
          </time-modification>
        <staff>1</staff>
        </note>
      <attributes>
        <clef number="1">
          <sign>F</sign>
          <line>4</line>
          </clef>
        </attributes>
      <note default-x="220.35" default-y="-15.00" dynamics="47.78">
        <pitch>
          <step>E</step>
          <octave>3</octave>
          </pitch>
        <duration>40</duration>
        <voice>1</voice>
        <type>eighth</type>
        <time-modification>
          <actual-notes>3</actual-notes>
          <normal-notes>2</normal-notes>
          </time-modification>
        <stem>down</stem>
        <staff>1</staff>
        <notations>
          <tuplet type="stop"/>
          </notations>
        </note>
      <note default-x="237.52" default-y="20.00" dynamics="35.56">
        <pitch>
          <step>E</step>
          <octave>4</octave>
          </pitch>
        <duration>80</duration>
        <voice>1</voice>
        <type>quarter</type>
        <time-modification>
          <actual-notes>3</actual-notes>
          <normal-notes>2</normal-notes>
          </time-modification>
        <stem>down</stem>
        <staff>1</staff>
        <notations>
          <tuplet type="start" bracket="yes"/>
          </notations>
        </note>
      <note>
        <rest/>
        <duration>80</duration>
        <voice>1</voice>
        <type>quarter</type>
        <time-modification>
          <actual-notes>3</actual-notes>
          <normal-notes>2</normal-notes>
          </time-modification>
        <staff>1</staff>
        </note>
      <note default-x="292.45" default-y="-75.00" dynamics="46.67">
        <pitch>
          <step>G</step>
          <octave>1</octave>
          </pitch>
        <duration>80</duration>
        <voice>1</voice>
        <type>quarter</type>
        <accidental>natural</accidental>
        <time-modification>
          <actual-notes>3</actual-notes>
          <normal-notes>2</normal-notes>
          </time-modification>
        <stem>up</stem>
        <staff>1</staff>
        <notations>
          <tuplet type="stop"/>
          </notations>
        </note>
      <backup>
        <duration>480</duration>
        </backup>
      <note default-x="111.12" default-y="-142.12" dynamics="91.11">
        <pitch>
          <step>E</step>
          <octave>3</octave>
          </pitch>
        <duration>120</duration>
        <voice>5</voice>
        <type>quarter</type>
        <stem>down</stem>
        <staff>2</staff>
        </note>
      <note default-x="144.61" default-y="-132.12" dynamics="81.11">
        <pitch>
          <step>G</step>
          <alter>1</alter>
          <octave>3</octave>
          </pitch>
        <duration>120</duration>
        <voice>5</voice>
        <type>quarter</type>
        <stem>down</stem>
        <staff>2</staff>
        <notations>
          <articulations>
            <staccato/>
            </articulations>
          </notations>
        </note>
      <note default-x="237.52" default-y="-142.12" dynamics="94.44">
        <pitch>
          <step>E</step>
          <octave>3</octave>
          </pitch>
        <duration>240</duration>
        <voice>5</voice>
        <type>half</type>
        <stem>down</stem>
        <staff>2</staff>
        </note>
      </measure>
    <measure number="16" width="178.16">
      <note>
        <rest/>
        <duration>120</duration>
        <voice>1</voice>
        <type>quarter</type>
        <staff>1</staff>
        </note>
      <note>
        <rest/>
        <duration>60</duration>
        <voice>1</voice>
        <type>eighth</type>
        <staff>1</staff>
        </note>
      <note default-x="72.95" default-y="-35.00" dynamics="52.22">
        <pitch>
          <step>A</step>
          <alter>1</alter>
          <octave>2</octave>
          </pitch>
        <duration>60</duration>
        <voice>1</voice>
        <type>eighth</type>
        <accidental>sharp</accidental>
        <stem>up</stem>
        <staff>1</staff>
        <notations>
          <articulations>
            <staccato/>
            </articulations>
          </notations>
        </note>
      <note>
        <rest/>
        <duration>60</duration>
        <voice>1</voice>
        <type>eighth</type>
        <staff>1</staff>
        </note>
      <note default-x="120.06" default-y="-15.00" dynamics="83.33">
        <pitch>
          <step>E</step>
          <octave>3</octave>
          </pitch>
        <duration>60</duration>
        <voice>1</voice>
        <type>eighth</type>
        <stem>down</stem>
        <staff>1</staff>
        </note>
      <note>
        <rest/>
        <duration>120</duration>
        <voice>1</voice>
        <type>quarter</type>
        <staff>1</staff>
        </note>
      <backup>
        <duration>480</duration>
        </backup>
      <note>
        <rest measure="yes"/>
        <duration>480</duration>
        <voice>5</voice>
        <staff>2</staff>
        </note>
      </measure>
    <measure number="17" width="273.08">
      <attributes>
        <clef number="1" after-barline="yes">
          <sign>G</sign>
          <line>2</line>
          </clef>
        </attributes>
      <note default-x="41.97" default-y="-65.00" dynamics="86.67">
        <pitch>
          <step>G</step>
          <alter>1</alter>
          <octave>3</octave>
          </pitch>
        <duration>60</duration>
        <voice>1</voice>
        <type>eighth</type>
        <stem>up</stem>
        <staff>1</staff>
        </note>
      <note>
        <rest/>
        <duration>15</duration>
        <voice>1</voice>
        <type>32nd</type>
        <staff>1</staff>
        </note>
      <note default-x="88.40" default-y="-65.00" dynamics="82.22">
        <pitch>
          <step>G</step>
          <alter>1</alter>
          <octave>3</octave>
          </pitch>
        <duration>45</duration>
        <voice>1</voice>
        <type>16th</type>
        <dot/>
        <stem>up</stem>
        <staff>1</staff>
        </note>
      <note default-x="116.99" default-y="-60.00" dynamics="74.44">
        <pitch>
          <step>A</step>
          <octave>3</octave>
          </pitch>
        <duration>60</duration>
        <voice>1</voice>
        <type>eighth</type>
        <stem>up</stem>
        <staff>1</staff>
        </note>
      <note>
        <rest/>
        <duration>15</duration>
        <voice>1</voice>
        <type>32nd</type>
        <staff>1</staff>
        </note>
      <note default-x="163.41" default-y="-60.00" dynamics="74.44">
        <pitch>
          <step>A</step>
          <octave>3</octave>
          </pitch>
        <duration>45</duration>
        <voice>1</voice>
        <type>16th</type>
        <dot/>
        <stem>up</stem>
        <staff>1</staff>
        </note>
      <note default-x="191.28" default-y="-30.00" dynamics="77.78">
        <pitch>
          <step>G</step>
          <alter>1</alter>
          <octave>4</octave>
          </pitch>
        <duration>120</duration>
        <voice>1</voice>
        <type>quarter</type>
        <stem>up</stem>
        <staff>1</staff>
        <notations>
          <articulations>
            <staccato/>
            </articulations>
          </notations>
        </note>
      <note>
        <rest/>
        <duration>120</duration>
        <voice>1</voice>
        <type>quarter</type>
        <staff>1</staff>
        </note>
      <backup>
        <duration>480</duration>
        </backup>
      <note>
        <rest/>
        <duration>240</duration>
        <voice>5</voice>
        <type>half</type>
        <staff>2</staff>
        </note>
      <note default-x="191.28" default-y="-132.12" dynamics="81.11">
        <pitch>
          <step>G</step>
          <alter>1</alter>
          <octave>3</octave>
          </pitch>
        <duration>120</duration>
        <voice>5</voice>
        <type>quarter</type>
        <stem>down</stem>
        <staff>2</staff>
        <notations>
          <articulations>
            <staccato/>
            </articulations>
          </notations>
        </note>
      <note>
        <rest/>
        <duration>120</duration>
        <voice>5</voice>
        <type>quarter</type>
        <staff>2</staff>
        </note>
      </measure>
    <measure number="18" width="240.31">
      <attributes>
        <clef number="1" after-barline="yes">
          <sign>F</sign>
          <line>4</line>
          </clef>
        </attributes>
      <note default-x="39.25" default-y="-15.00" dynamics="78.89">
        <pitch>
          <step>E</step>
          <octave>3</octave>
          </pitch>
        <duration>120</duration>
        <voice>1</voice>
        <type>quarter</type>
        <stem>up</stem>
        <staff>1</staff>
        <notations>
          <articulations>
            <staccato/>
            </articulations>
          </notations>
        </note>
      <note>
        <rest/>
        <duration>120</duration>
        <voice>1</voice>
        <type>quarter</type>
        <staff>1</staff>
        </note>
      <note>
        <rest/>
        <duration>240</duration>
        <voice>1</voice>
        <type>half</type>
        <staff>1</staff>
        </note>
      <backup>
        <duration>480</duration>
        </backup>
      <note>
        <rest/>
        <duration>30</duration>
        <voice>2</voice>
        <type>16th</type>
        <staff>1</staff>
        </note>
      <note default-x="69.28" default-y="-75.00" dynamics="53.33">
        <pitch>
          <step>G</step>
          <octave>1</octave>
          </pitch>
        <duration>90</duration>
        <voice>2</voice>
        <type>eighth</type>
        <dot/>
        <accidental>natural</accidental>
        <stem>down</stem>
        <staff>1</staff>
        <notations>
          <articulations>
            <staccato/>
            </articulations>
          </notations>
        </note>
      <note default-x="100.71" default-y="-20.00" dynamics="86.67">
        <pitch>
          <step>D</step>
          <alter>1</alter>
          <octave>3</octave>
          </pitch>
        <duration>60</duration>
        <voice>2</voice>
        <type>eighth</type>
        <stem>down</stem>
        <staff>1</staff>
        </note>
      <note>
        <rest/>
        <duration>15</duration>
        <voice>2</voice>
        <type>32nd</type>
        <staff>1</staff>
        </note>
      <note default-x="145.47" default-y="-20.00" dynamics="82.22">
        <pitch>
          <step>D</step>
          <alter>1</alter>
          <octave>3</octave>
          </pitch>
        <duration>45</duration>
        <voice>2</voice>
        <type>16th</type>
        <dot/>
        <stem>down</stem>
        <staff>1</staff>
        </note>
      <note>
        <rest/>
        <duration>120</duration>
        <voice>2</voice>
        <type>quarter</type>
        <staff>1</staff>
        </note>
      <note default-x="204.01" default-y="-5.00" dynamics="56.67">
        <pitch>
          <step>G</step>
          <alter>1</alter>
          <octave>3</octave>
          </pitch>
        <duration>120</duration>
        <voice>2</voice>
        <type>quarter</type>
        <stem>down</stem>
        <staff>1</staff>
        <notations>
          <articulations>
            <staccato/>
            </articulations>
          </notations>
        </note>
      <backup>
        <duration>480</duration>
        </backup>
      <note>
        <rest measure="yes"/>
        <duration>480</duration>
        <voice>5</voice>
        <staff>2</staff>
        </note>
      </measure>
    <measure number="19" width="193.51">
      <print new-system="yes">
        <system-layout>
          <system-margins>
            <left-margin>14.90</left-margin>
            <right-margin>0.00</right-margin>
            </system-margins>
          <system-distance>134.70</system-distance>
          </system-layout>
        <staff-layout number="2">
          <staff-distance>65.00</staff-distance>
          </staff-layout>
        </print>
      <note default-x="111.11" default-y="-15.00" dynamics="81.11">
        <pitch>
          <step>E</step>
          <octave>3</octave>
          </pitch>
        <duration>80</duration>
        <voice>1</voice>
        <type>quarter</type>
        <time-modification>
          <actual-notes>3</actual-notes>
          <normal-notes>2</normal-notes>
          <normal-type>quarter</normal-type>
          </time-modification>
        <stem>down</stem>
        <staff>1</staff>
        <notations>
          <tuplet type="start" bracket="yes"/>
          </notations>
        </note>
      <note default-x="128.82" default-y="-15.00" dynamics="83.33">
        <pitch>
          <step>E</step>
          <octave>3</octave>
          </pitch>
        <duration>160</duration>
        <voice>1</voice>
        <type>half</type>
        <time-modification>
          <actual-notes>3</actual-notes>
          <normal-notes>2</normal-notes>
          <normal-type>quarter</normal-type>
          </time-modification>
        <stem>down</stem>
        <staff>1</staff>
        <notations>
          <tuplet type="stop"/>
          </notations>
        </note>
      <note>
        <rest/>
        <duration>240</duration>
        <voice>1</voice>
        <type>half</type>
        <staff>1</staff>
        </note>
      <backup>
        <duration>480</duration>
        </backup>
      <note>
        <rest measure="yes"/>
        <duration>480</duration>
        <voice>5</voice>
        <staff>2</staff>
        </note>
      </measure>
    <measure number="20" width="145.24">
      <note default-x="13.00" default-y="-15.00" dynamics="72.22">
        <pitch>
          <step>E</step>
          <octave>3</octave>
          </pitch>
        <duration>120</duration>
        <voice>1</voice>
        <type>quarter</type>
        <stem>down</stem>
        <staff>1</staff>
        <notations>
          <articulations>
            <staccato/>
            </articulations>
          </notations>
        </note>
      <note default-x="41.66" default-y="-5.00" dynamics="68.89">
        <pitch>
          <step>G</step>
          <alter>1</alter>
          <octave>3</octave>
          </pitch>
        <duration>60</duration>
        <voice>1</voice>
        <type>eighth</type>
        <stem>down</stem>
        <staff>1</staff>
        <beam number="1">begin</beam>
        </note>
      <note default-x="68.20" default-y="-5.00" dynamics="60.00">
        <pitch>
          <step>G</step>
          <octave>3</octave>
          </pitch>
        <duration>60</duration>
        <voice>1</voice>
        <type>eighth</type>
        <accidental>natural</accidental>
        <stem>down</stem>
        <staff>1</staff>
        <beam number="1">end</beam>
        <notations>
          <articulations>
            <staccato/>
            </articulations>
          </notations>
        </note>
      <note default-x="86.11" default-y="0.00" dynamics="88.89">
        <pitch>
          <step>A</step>
          <octave>3</octave>
          </pitch>
        <duration>120</duration>
        <voice>1</voice>
        <type>quarter</type>
        <stem>down</stem>
        <staff>1</staff>
        </note>
      <note default-x="114.78" default-y="0.00" dynamics="78.89">
        <pitch>
          <step>A</step>
          <octave>3</octave>
          </pitch>
        <duration>120</duration>
        <voice>1</voice>
        <type>quarter</type>
        <stem>down</stem>
        <staff>1</staff>
        </note>
      <backup>
        <duration>480</duration>
        </backup>
      <note>
        <rest measure="yes"/>
        <duration>480</duration>
        <voice>5</voice>
        <staff>2</staff>
        </note>
      </measure>
    <measure number="21" width="167.39">
      <note default-x="13.00" default-y="-5.00" dynamics="96.67">
        <pitch>
          <step>G</step>
          <alter>1</alter>
          <octave>3</octave>
          </pitch>
        <duration>120</duration>
        <voice>1</voice>
        <type>quarter</type>
        <stem>down</stem>
        <staff>1</staff>
        </note>
      <note>
        <rest/>
        <duration>60</duration>
        <voice>1</voice>
        <type>eighth</type>
        <staff>1</staff>
        </note>
      <note default-x="62.08" default-y="-15.00" dynamics="62.22">
        <pitch>
          <step>E</step>
          <octave>3</octave>
          </pitch>
        <duration>60</duration>
        <voice>1</voice>
        <type>eighth</type>
        <stem>down</stem>
        <staff>1</staff>
        </note>
      <note>
        <rest/>
        <duration>60</duration>
        <voice>1</voice>
        <type>eighth</type>
        <staff>1</staff>
        </note>
      <note default-x="99.84" default-y="-5.00" dynamics="60.00">
        <pitch>
          <step>G</step>
          <alter>1</alter>
          <octave>3</octave>
          </pitch>
        <duration>60</duration>
        <voice>1</voice>
        <type>eighth</type>
        <stem>down</stem>
        <staff>1</staff>
        </note>
      <note>
        <rest/>
        <duration>60</duration>
        <voice>1</voice>
        <type>eighth</type>
        <staff>1</staff>
        </note>
      <note default-x="137.59" default-y="-15.00" dynamics="83.33">
        <pitch>
          <step>E</step>
          <octave>3</octave>
          </pitch>
        <duration>60</duration>
        <voice>1</voice>
        <type>eighth</type>
        <stem>down</stem>
        <staff>1</staff>
        </note>
      <backup>
        <duration>480</duration>
        </backup>
      <note>
        <rest measure="yes"/>
        <duration>480</duration>
        <voice>5</voice>
        <staff>2</staff>
        </note>
      </measure>
    <measure number="22" width="131.45">
      <note default-x="13.00" default-y="-20.00" dynamics="70.00">
        <pitch>
          <step>D</step>
          <alter>1</alter>
          <octave>3</octave>
          </pitch>
        <duration>120</duration>
        <voice>1</voice>
        <type>quarter</type>
        <stem>down</stem>
        <staff>1</staff>
        <notations>
          <articulations>
            <staccato/>
            </articulations>
          </notations>
        </note>
      <note default-x="41.87" default-y="-20.00" dynamics="53.33">
        <pitch>
          <step>D</step>
          <alter>1</alter>
          <octave>3</octave>
          </pitch>
        <duration>60</duration>
        <voice>1</voice>
        <type>eighth</type>
        <stem>up</stem>
        <staff>1</staff>
        <beam number="1">begin</beam>
        <notations>
          <articulations>
            <staccato/>
            </articulations>
          </notations>
        </note>
      <note default-x="71.91" default-y="-75.00" dynamics="47.78">
        <pitch>
          <step>G</step>
          <octave>1</octave>
          </pitch>
        <duration>60</duration>
        <voice>1</voice>
        <type>eighth</type>
        <accidental>natural</accidental>
        <stem>up</stem>
        <staff>1</staff>
        <beam number="1">end</beam>
        </note>
      <note>
        <rest/>
        <duration>240</duration>
        <voice>1</voice>
        <type>half</type>
        <staff>1</staff>
        </note>
      <backup>
        <duration>480</duration>
        </backup>
      <note>
        <rest measure="yes"/>
        <duration>480</duration>
        <voice>5</voice>
        <staff>2</staff>
        </note>
      </measure>
    <measure number="23" width="149.40">
      <note default-x="13.00" default-y="-20.00" dynamics="72.22">
        <pitch>
          <step>D</step>
          <alter>1</alter>
          <octave>3</octave>
          </pitch>
        <duration>120</duration>
        <voice>1</voice>
        <type>quarter</type>
        <stem>down</stem>
        <staff>1</staff>
        <notations>
          <articulations>
            <staccato/>
            </articulations>
          </notations>
        </note>
      <note default-x="40.51" default-y="-15.00" dynamics="74.44">
        <pitch>
          <step>E</step>
          <octave>3</octave>
          </pitch>
        <duration>120</duration>
        <voice>1</voice>
        <type>quarter</type>
        <stem>down</stem>
        <staff>1</staff>
        <notations>
          <articulations>
            <staccato/>
            </articulations>
          </notations>
        </note>
      <note>
        <rest/>
        <duration>60</duration>
        <voice>1</voice>
        <type>eighth</type>
        <staff>1</staff>
        </note>
      <note default-x="85.21" default-y="0.00" dynamics="60.00">
        <pitch>
          <step>A</step>
          <octave>3</octave>
          </pitch>
        <duration>60</duration>
        <voice>1</voice>
        <type>eighth</type>
        <stem>down</stem>
        <staff>1</staff>
        </note>
      <note>
        <rest/>
        <duration>60</duration>
        <voice>1</voice>
        <type>eighth</type>
        <staff>1</staff>
        </note>
      <note default-x="119.60" default-y="-5.00" dynamics="71.11">
        <pitch>
          <step>G</step>
          <alter>1</alter>
          <octave>3</octave>
          </pitch>
        <duration>60</duration>
        <voice>1</voice>
        <type>eighth</type>
        <stem>down</stem>
        <staff>1</staff>
        </note>
      <backup>
        <duration>480</duration>
        </backup>
      <note>
        <rest measure="yes"/>
        <duration>480</duration>
        <voice>5</voice>
        <staff>2</staff>
        </note>
      </measure>
    <measure number="24" width="131.40">
      <note default-x="13.00" default-y="-10.00" dynamics="68.89">
        <pitch>
          <step>F</step>
          <alter>1</alter>
          <octave>3</octave>
          </pitch>
        <duration>120</duration>
        <voice>1</voice>
        <type>quarter</type>
        <stem>down</stem>
        <staff>1</staff>
        <notations>
          <articulations>
            <staccato/>
            </articulations>
          </notations>
        </note>
      <note>
        <rest/>
        <duration>120</duration>
        <voice>1</voice>
        <type>quarter</type>
        <staff>1</staff>
        </note>
      <note default-x="67.52" default-y="-5.00" dynamics="40.00">
        <pitch>
          <step>G</step>
          <alter>1</alter>
          <octave>3</octave>
          </pitch>
        <duration>60</duration>
        <voice>1</voice>
        <type>eighth</type>
        <stem>down</stem>
        <staff>1</staff>
        <beam number="1">begin</beam>
        </note>
      <note default-x="84.56" default-y="-20.00" dynamics="92.22">
        <pitch>
          <step>D</step>
          <alter>1</alter>
          <octave>3</octave>
          </pitch>
        <duration>60</duration>
        <voice>1</voice>
        <type>eighth</type>
        <stem>down</stem>
        <staff>1</staff>
        <beam number="1">end</beam>
        </note>
      <note default-x="101.60" default-y="-15.00" dynamics="87.78">
        <pitch>
          <step>E</step>
          <octave>3</octave>
          </pitch>
        <duration>120</duration>
        <voice>1</voice>
        <type>quarter</type>
        <stem>down</stem>
        <staff>1</staff>
        </note>
      <backup>
        <duration>480</duration>
        </backup>
      <note>
        <rest measure="yes"/>
        <duration>480</duration>
        <voice>5</voice>
        <staff>2</staff>
        </note>
      </measure>
    <measure number="25" width="95.41">
      <note default-x="13.00" default-y="-15.00" dynamics="80.00">
        <pitch>
          <step>E</step>
          <octave>3</octave>
          </pitch>
        <duration>120</duration>
        <voice>1</voice>
        <type>quarter</type>
        <stem>down</stem>
        <staff>1</staff>
        <notations>
          <articulations>
            <staccato/>
            </articulations>
          </notations>
        </note>
      <note default-x="33.23" default-y="-15.00" dynamics="63.33">
        <pitch>
          <step>E</step>
          <octave>3</octave>
          </pitch>
        <duration>240</duration>
        <voice>1</voice>
        <type>half</type>
        <stem>down</stem>
        <staff>1</staff>
        </note>
      <note>
        <rest/>
        <duration>120</duration>
        <voice>1</voice>
        <type>quarter</type>
        <staff>1</staff>
        </note>
      <backup>
        <duration>480</duration>
        </backup>
      <note>
        <rest measure="yes"/>
        <duration>480</duration>
        <voice>5</voice>
        <staff>2</staff>
        </note>
      </measure>
    <measure number="26" width="200.53">
      <print new-page="yes">
        <system-layout>
          <system-margins>
            <left-margin>14.90</left-margin>
            <right-margin>0.00</right-margin>
            </system-margins>
          <top-system-distance>70.00</top-system-distance>
          </system-layout>
        <staff-layout number="2">
          <staff-distance>65.00</staff-distance>
          </staff-layout>
        </print>
      <note>
        <rest/>
        <duration>120</duration>
        <voice>1</voice>
        <type>quarter</type>
        <staff>1</staff>
        </note>
      <note default-x="130.98" default-y="-5.00" dynamics="87.78">
        <pitch>
          <step>G</step>
          <alter>1</alter>
          <octave>3</octave>
          </pitch>
        <duration>120</duration>
        <voice>1</voice>
        <type>quarter</type>
        <stem>down</stem>
        <staff>1</staff>
        <notations>
          <articulations>
            <staccato/>
            </articulations>
          </notations>
        </note>
      <note default-x="150.85" default-y="0.00" dynamics="85.56">
        <pitch>
          <step>A</step>
          <octave>3</octave>
          </pitch>
        <duration>120</duration>
        <voice>1</voice>
        <type>quarter</type>
        <stem>down</stem>
        <staff>1</staff>
        <notations>
          <articulations>
            <staccato/>
            </articulations>
          </notations>
        </note>
      <note default-x="170.73" default-y="-5.00" dynamics="82.22">
        <pitch>
          <step>G</step>
          <alter>1</alter>
          <octave>3</octave>
          </pitch>
        <duration>120</duration>
        <voice>1</voice>
        <type>quarter</type>
        <stem>down</stem>
        <staff>1</staff>
        <notations>
          <articulations>
            <staccato/>
            </articulations>
          </notations>
        </note>
      <backup>
        <duration>480</duration>
        </backup>
      <note>
        <rest measure="yes"/>
        <duration>480</duration>
        <voice>5</voice>
        <staff>2</staff>
        </note>
      </measure>
    <measure number="27" width="139.49">
      <note>
        <rest/>
        <duration>240</duration>
        <voice>1</voice>
        <type>half</type>
        <staff>1</staff>
        </note>
      <note default-x="46.21" default-y="-5.00" dynamics="73.33">
        <pitch>
          <step>G</step>
          <alter>1</alter>
          <octave>3</octave>
          </pitch>
        <duration>40</duration>
        <voice>1</voice>
        <type>eighth</type>
        <time-modification>
          <actual-notes>3</actual-notes>
          <normal-notes>2</normal-notes>
          </time-modification>
        <stem>down</stem>
        <staff>1</staff>
        <notations>
          <tuplet type="start" bracket="yes"/>
          </notations>
        </note>
      <note>
        <rest/>
        <duration>40</duration>
        <voice>1</voice>
        <type>eighth</type>
        <time-modification>
          <actual-notes>3</actual-notes>
          <normal-notes>2</normal-notes>
          </time-modification>
        <staff>1</staff>
        </note>
      <note default-x="76.21" default-y="-20.00" dynamics="44.44">
        <pitch>
          <step>D</step>
          <alter>1</alter>
          <octave>3</octave>
          </pitch>
        <duration>40</duration>
        <tie type="start"/>
        <voice>1</voice>
        <type>eighth</type>
        <time-modification>
          <actual-notes>3</actual-notes>
          <normal-notes>2</normal-notes>
          </time-modification>
        <stem>down</stem>
        <staff>1</staff>
        <notations>
          <tied type="start"/>
          <tuplet type="stop"/>
          </notations>
        </note>
      <note default-x="92.11" default-y="-20.00" dynamics="44.44">
        <pitch>
          <step>D</step>
          <alter>1</alter>
          <octave>3</octave>
          </pitch>
        <duration>60</duration>
        <tie type="stop"/>
        <voice>1</voice>
        <type>eighth</type>
        <stem>down</stem>
        <staff>1</staff>
        <beam number="1">begin</beam>
        <notations>
          <tied type="stop"/>
          </notations>
        </note>
      <note default-x="109.70" default-y="-15.00" dynamics="80.00">
        <pitch>
          <step>E</step>
          <octave>3</octave>
          </pitch>
        <duration>60</duration>
        <voice>1</voice>
        <type>eighth</type>
        <stem>down</stem>
        <staff>1</staff>
        <beam number="1">end</beam>
        </note>
      <backup>
        <duration>480</duration>
        </backup>
      <note>
        <rest measure="yes"/>
        <duration>480</duration>
        <voice>5</voice>
        <staff>2</staff>
        </note>
      </measure>
    <measure number="28" width="127.06">
      <note default-x="13.00" default-y="-15.00" dynamics="81.11">
        <pitch>
          <step>E</step>
          <octave>3</octave>
          </pitch>
        <duration>60</duration>
        <voice>1</voice>
        <type>eighth</type>
        <stem>down</stem>
        <staff>1</staff>
        </note>
      <note default-x="39.53" default-y="-40.00" dynamics="44.44">
        <pitch>
          <step>G</step>
          <octave>2</octave>
          </pitch>
        <duration>180</duration>
        <voice>1</voice>
        <type>quarter</type>
        <dot/>
        <accidental>natural</accidental>
        <stem>up</stem>
        <staff>1</staff>
        <notations>
          <articulations>
            <staccato/>
            </articulations>
          </notations>
        </note>
      <note>
        <rest/>
        <duration>120</duration>
        <voice>1</voice>
        <type>quarter</type>
        <staff>1</staff>
        </note>
      <note default-x="97.26" default-y="-15.00" dynamics="90.00">
        <pitch>
          <step>E</step>
          <octave>3</octave>
          </pitch>
        <duration>120</duration>
        <voice>1</voice>
        <type>quarter</type>
        <stem>down</stem>
        <staff>1</staff>
        <notations>
          <articulations>
            <staccato/>
            </articulations>
          </notations>
        </note>
      <backup>
        <duration>480</duration>
        </backup>
      <note>
        <rest measure="yes"/>
        <duration>480</duration>
        <voice>5</voice>
        <staff>2</staff>
        </note>
      </measure>
    <measure number="29" width="116.26">
      <note>
        <rest/>
        <duration>120</duration>
        <voice>1</voice>
        <type>quarter</type>
        <staff>1</staff>
        </note>
      <note default-x="36.47" default-y="-5.00" dynamics="73.33">
        <pitch>
          <step>G</step>
          <alter>1</alter>
          <octave>3</octave>
          </pitch>
        <duration>120</duration>
        <voice>1</voice>
        <type>quarter</type>
        <stem>down</stem>
        <staff>1</staff>
        </note>
      <note default-x="63.00" default-y="-5.00" dynamics="97.78">
        <pitch>
          <step>G</step>
          <octave>3</octave>
          </pitch>
        <duration>120</duration>
        <voice>1</voice>
        <type>quarter</type>
        <accidental>natural</accidental>
        <stem>down</stem>
        <staff>1</staff>
        </note>
      <note>
        <rest/>
        <duration>120</duration>
        <voice>1</voice>
        <type>quarter</type>
        <staff>1</staff>
        </note>
      <backup>
        <duration>480</duration>
        </backup>
      <note>
        <rest measure="yes"/>
        <duration>480</duration>
        <voice>5</voice>
        <staff>2</staff>
        </note>
      </measure>
    <measure number="30" width="102.42">
      <note default-x="13.00" default-y="-15.00" dynamics="87.78">
        <pitch>
          <step>E</step>
          <octave>3</octave>
          </pitch>
        <duration>120</duration>
        <voice>1</voice>
        <type>quarter</type>
        <stem>down</stem>
        <staff>1</staff>
        <notations>
          <articulations>
            <staccato/>
            </articulations>
          </notations>
        </note>
      <note>
        <rest/>
        <duration>120</duration>
        <voice>1</voice>
        <type>quarter</type>
        <staff>1</staff>
        </note>
      <note default-x="52.75" default-y="-15.00" dynamics="92.22">
        <pitch>
          <step>E</step>
          <octave>3</octave>
          </pitch>
        <duration>120</duration>
        <voice>1</voice>
        <type>quarter</type>
        <stem>down</stem>
        <staff>1</staff>
        <notations>
          <articulations>
            <staccato/>
            </articulations>
          </notations>
        </note>
      <note default-x="72.62" default-y="-15.00" dynamics="75.56">
        <pitch>
          <step>E</step>
          <octave>3</octave>
          </pitch>
        <duration>120</duration>
        <tie type="start"/>
        <voice>1</voice>
        <type>quarter</type>
        <stem>down</stem>
        <staff>1</staff>
        <notations>
          <tied type="start"/>
          </notations>
        </note>
      <backup>
        <duration>480</duration>
        </backup>
      <note>
        <rest measure="yes"/>
        <duration>480</duration>
        <voice>5</voice>
        <staff>2</staff>
        </note>
      </measure>
    <measure number="31" width="156.41">
      <note default-x="13.00" default-y="-15.00" dynamics="75.56">
        <pitch>
          <step>E</step>
          <octave>3</octave>
          </pitch>
        <duration>120</duration>
        <tie type="stop"/>
        <voice>1</voice>
        <type>quarter</type>
        <stem>down</stem>
        <staff>1</staff>
        <notations>
          <tied type="stop"/>
          </notations>
        </note>
      <note>
        <rest/>
        <duration>60</duration>
        <voice>1</voice>
        <type>eighth</type>
        <staff>1</staff>
        </note>
      <note default-x="57.76" default-y="-5.00" dynamics="45.56">
        <pitch>
          <step>G</step>
          <alter>1</alter>
          <octave>3</octave>
          </pitch>
        <duration>60</duration>
        <voice>1</voice>
        <type>eighth</type>
        <stem>down</stem>
        <staff>1</staff>
        <notations>
          <articulations>
            <staccato/>
            </articulations>
          </notations>
        </note>
      <note>
        <rest/>
        <duration>60</duration>
        <voice>1</voice>
        <type>eighth</type>
        <staff>1</staff>
        </note>
      <note default-x="92.18" default-y="-5.00" dynamics="95.56">
        <pitch>
          <step>G</step>
          <alter>1</alter>
          <octave>3</octave>
          </pitch>
        <duration>60</duration>
        <voice>1</voice>
        <type>eighth</type>
        <stem>down</stem>
        <staff>1</staff>
        <beam number="1">begin</beam>
        </note>
      <note default-x="109.40" default-y="0.00" dynamics="68.89">
        <pitch>
          <step>A</step>
          <octave>3</octave>
          </pitch>
        <duration>60</duration>
        <voice>1</voice>
        <type>eighth</type>
        <stem>down</stem>
        <staff>1</staff>
        <beam number="1">continue</beam>
        </note>
      <note default-x="126.61" default-y="0.00" dynamics="65.56">
        <pitch>
          <step>A</step>
          <octave>3</octave>
          </pitch>
        <duration>60</duration>
        <voice>1</voice>
        <type>eighth</type>
        <stem>down</stem>
        <staff>1</staff>
        <beam number="1">end</beam>
        </note>
      <backup>
        <duration>480</duration>
        </backup>
      <note>
        <rest measure="yes"/>
        <duration>480</duration>
        <voice>5</voice>
        <staff>2</staff>
        </note>
      </measure>
    <measure number="32" width="171.62">
      <note default-x="13.00" default-y="-5.00" dynamics="94.44">
        <pitch>
          <step>G</step>
          <alter>1</alter>
          <octave>3</octave>
          </pitch>
        <duration>60</duration>
        <voice>1</voice>
        <type>eighth</type>
        <stem>down</stem>
        <staff>1</staff>
        </note>
      <note default-x="39.53" default-y="-5.00" dynamics="93.33">
        <pitch>
          <step>G</step>
          <octave>3</octave>
          </pitch>
        <duration>120</duration>
        <voice>1</voice>
        <type>quarter</type>
        <accidental>natural</accidental>
        <stem>down</stem>
        <staff>1</staff>
        </note>
      <note>
        <rest/>
        <duration>30</duration>
        <voice>1</voice>
        <type>16th</type>
        <staff>1</staff>
        </note>
      <note default-x="88.18" default-y="-20.00" dynamics="64.44">
        <pitch>
          <step>D</step>
          <alter>1</alter>
          <octave>3</octave>
          </pitch>
        <duration>30</duration>
        <tie type="start"/>
        <voice>1</voice>
        <type>16th</type>
        <stem>down</stem>
        <staff>1</staff>
        <notations>
          <tied type="start"/>
          </notations>
        </note>
      <note default-x="104.08" default-y="-20.00" dynamics="64.44">
        <pitch>
          <step>D</step>
          <alter>1</alter>
          <octave>3</octave>
          </pitch>
        <duration>120</duration>
        <tie type="stop"/>
        <voice>1</voice>
        <type>quarter</type>
        <stem>down</stem>
        <staff>1</staff>
        <notations>
          <tied type="stop"/>
          </notations>
        </note>
      <note default-x="136.95" default-y="-5.00" dynamics="62.22">
        <pitch>
          <step>G</step>
          <alter>1</alter>
          <octave>3</octave>
          </pitch>
        <duration>120</duration>
        <voice>1</voice>
        <type>quarter</type>
        <accidental>sharp</accidental>
        <stem>down</stem>
        <staff>1</staff>
        <notations>
          <articulations>
            <staccato/>
            </articulations>
          </notations>
        </note>
      <backup>
        <duration>480</duration>
        </backup>
      <note>
        <rest measure="yes"/>
        <duration>480</duration>
        <voice>5</voice>
        <staff>2</staff>
        </note>
      </measure>
    <measure number="33" width="397.59">
      <print new-page="yes">
        <system-layout>
          <system-margins>
            <left-margin>14.90</left-margin>
            <right-margin>616.20</right-margin>
            </system-margins>
          <top-system-distance>70.00</top-system-distance>
          </system-layout>
        <staff-layout number="2">
          <staff-distance>65.00</staff-distance>
          </staff-layout>
        </print>
      <note default-x="111.11" default-y="-15.00" dynamics="76.67">
        <pitch>
          <step>E</step>
          <octave>3</octave>
          </pitch>
        <duration>120</duration>
        <voice>1</voice>
        <type>quarter</type>
        <stem>down</stem>
        <staff>1</staff>
        </note>
      <note default-x="187.73" default-y="-15.00" dynamics="85.56">
        <pitch>
          <step>E</step>
          <octave>3</octave>
          </pitch>
        <duration>120</duration>
        <voice>1</voice>
        <type>quarter</type>
        <stem>down</stem>
        <staff>1</staff>
        <notations>
          <articulations>
            <staccato/>
            </articulations>
          </notations>
        </note>
      <note>
        <rest/>
        <duration>240</duration>
        <voice>1</voice>
        <type>half</type>
        <staff>1</staff>
        </note>
      <backup>
        <duration>480</duration>
        </backup>
      <note>
        <rest/>
        <duration>120</duration>
        <voice>5</voice>
        <type>quarter</type>
        <staff>2</staff>
        </note>
      <note default-x="187.73" default-y="-180.00" dynamics="50.00">
        <pitch>
          <step>G</step>
          <octave>1</octave>
          </pitch>
        <duration>120</duration>
        <voice>5</voice>
        <type>quarter</type>
        <accidental>natural</accidental>
        <stem>up</stem>
        <staff>2</staff>
        </note>
      <note>
        <rest/>
        <duration>240</duration>
        <voice>5</voice>
        <type>half</type>
        <staff>2</staff>
        </note>
      <barline location="right">
        <bar-style>light-heavy</bar-style>
        </barline>
      </measure>
    </part>
  </score-partwise>
