<?xml version="1.0" encoding="UTF-8"?>
<!DOCTYPE score-partwise PUBLIC "-//Recordare//DTD MusicXML 3.1 Partwise//EN" "http://www.musicxml.org/dtds/partwise.dtd">
<score-partwise version="3.1">
  <identification>
    <encoding>
      <software>MuseScore 3.6.2</software>
      <encoding-date>2025-02-27</encoding-date>
      <supports element="accidental" type="yes"/>
      <supports element="beam" type="yes"/>
      <supports element="print" attribute="new-page" type="yes" value="yes"/>
      <supports element="print" attribute="new-system" type="yes" value="yes"/>
      <supports element="stem" type="yes"/>
      </encoding>
    </identification>
  <defaults>
    <scaling>
      <millimeters>6.99911</millimeters>
      <tenths>40</tenths>
      </scaling>
    <page-layout>
      <page-height>1697.36</page-height>
      <page-width>1200.15</page-width>
      <page-margins type="even">
        <left-margin>85.7252</left-margin>
        <right-margin>85.7252</right-margin>
        <top-margin>85.7252</top-margin>
        <bottom-margin>85.7252</bottom-margin>
        </page-margins>
      <page-margins type="odd">
        <left-margin>85.7252</left-margin>
        <right-margin>85.7252</right-margin>
        <top-margin>85.7252</top-margin>
        <bottom-margin>85.7252</bottom-margin>
        </page-margins>
      </page-layout>
    <word-font font-family="Edwin" font-size="10"/>
    <lyric-font font-family="Edwin" font-size="10"/>
    </defaults>
  <part-list>
    <score-part id="P1">
      <part-name>Piano elettrico</part-name>
      <part-abbreviation>P-no el.</part-abbreviation>
      <score-instrument id="P1-I1">
        <instrument-name>Piano elettrico</instrument-name>
        </score-instrument>
      <midi-device id="P1-I1" port="1"></midi-device>
      <midi-instrument id="P1-I1">
        <midi-channel>1</midi-channel>
        <midi-program>5</midi-program>
        <volume>78.7402</volume>
        <pan>0</pan>
        </midi-instrument>
      </score-part>
    </part-list>
  <part id="P1">
    <measure number="1" width="249.67">
      <print>
        <system-layout>
          <system-margins>
            <left-margin>63.90</left-margin>
            <right-margin>0.00</right-margin>
            </system-margins>
          <top-system-distance>70.00</top-system-distance>
          </system-layout>
        <staff-layout number="2">
          <staff-distance>65.00</staff-distance>
          </staff-layout>
        </print>
      <attributes>
        <divisions>24</divisions>
        <key>
          <fifths>-1</fifths>
          </key>
        <time>
          <beats>4</beats>
          <beat-type>4</beat-type>
          </time>
        <staves>2</staves>
        <clef number="1">
          <sign>F</sign>
          <line>4</line>
          </clef>
        <clef number="2">
          <sign>G</sign>
          <line>2</line>
          </clef>
        </attributes>
      <direction placement="above">
        <direction-type>
          <metronome parentheses="no" default-x="-37.68" relative-y="20.00">
            <beat-unit>quarter</beat-unit>
            <per-minute>149</per-minute>
            </metronome>
          </direction-type>
        <staff>1</staff>
        <sound tempo="149"/>
        </direction>
      <note default-x="101.61" default-y="0.00" dynamics="47.78">
        <pitch>
          <step>A</step>
          <octave>3</octave>
          </pitch>
        <duration>24</duration>
        <voice>1</voice>
        <type>quarter</type>
        <stem>down</stem>
        <staff>1</staff>
        <notations>
          <articulations>
            <staccato/>
            </articulations>
          </notations>
        </note>
      <note default-x="132.61" default-y="-5.00" dynamics="78.89">
        <pitch>
          <step>G</step>
          <octave>3</octave>
          </pitch>
        <duration>8</duration>
        <voice>1</voice>
        <type>eighth</type>
        <time-modification>
          <actual-notes>3</actual-notes>
          <normal-notes>2</normal-notes>
          <normal-type>eighth</normal-type>
          </time-modification>
        <stem>down</stem>
        <staff>1</staff>
        <notations>
          <tuplet type="start" bracket="yes"/>
          </notations>
        </note>
      <note default-x="148.50" default-y="-5.00" dynamics="68.89">
        <pitch>
          <step>G</step>
          <octave>3</octave>
          </pitch>
        <duration>16</duration>
        <voice>1</voice>
        <type>quarter</type>
        <time-modification>
          <actual-notes>3</actual-notes>
          <normal-notes>2</normal-notes>
          <normal-type>eighth</normal-type>
          </time-modification>
        <stem>down</stem>
        <staff>1</staff>
        <notations>
          <tuplet type="stop"/>
          </notations>
        </note>
      <note>
        <rest/>
        <duration>12</duration>
        <voice>1</voice>
        <type>eighth</type>
        <staff>1</staff>
        </note>
      <note default-x="195.39" default-y="5.00" dynamics="93.33">
        <pitch>
          <step>B</step>
          <alter>-1</alter>
          <octave>3</octave>
          </pitch>
        <duration>12</duration>
        <voice>1</voice>
        <type>eighth</type>
        <stem>down</stem>
        <staff>1</staff>
        </note>
      <note default-x="216.86" default-y="0.00" dynamics="70.00">
        <pitch>
          <step>A</step>
          <octave>3</octave>
          </pitch>
        <duration>24</duration>
        <voice>1</voice>
        <type>quarter</type>
        <stem>down</stem>
        <staff>1</staff>
        </note>
      <backup>
        <duration>96</duration>
        </backup>
      <note>
        <rest measure="yes"/>
        <duration>96</duration>
        <voice>5</voice>
        <staff>2</staff>
        </note>
      </measure>
    <measure number="2" width="241.77">
      <attributes>
        <clef number="1" after-barline="yes">
          <sign>G</sign>
          <line>2</line>
          </clef>
        </attributes>
      <note default-x="38.48" default-y="-25.00" dynamics="35.56">
        <pitch>
          <step>A</step>
          <octave>4</octave>
          </pitch>
        <duration>24</duration>
        <voice>1</voice>
        <type>quarter</type>
        <stem>up</stem>
        <staff>1</staff>
        <notations>
          <articulations>
            <staccato/>
            </articulations>
          </notations>
        </note>
      <note default-x="70.50" default-y="-35.00" dynamics="44.44">
        <pitch>
          <step>F</step>
          <octave>4</octave>
          </pitch>
        <duration>8</duration>
        <voice>1</voice>
        <type>eighth</type>
        <time-modification>
          <actual-notes>3</actual-notes>
          <normal-notes>2</normal-notes>
          <normal-type>eighth</normal-type>
          </time-modification>
        <stem>up</stem>
        <staff>1</staff>
        <notations>
          <tuplet type="start" bracket="yes"/>
          </notations>
        </note>
      <attributes>
        <clef number="1">
          <sign>F</sign>
          <line>4</line>
          </clef>
        </attributes>
      <note default-x="133.19" default-y="-10.00" dynamics="62.22">
        <pitch>
          <step>F</step>
          <octave>3</octave>
          </pitch>
        <duration>16</duration>
        <voice>1</voice>
        <type>quarter</type>
        <time-modification>
          <actual-notes>3</actual-notes>
          <normal-notes>2</normal-notes>
          <normal-type>eighth</normal-type>
          </time-modification>
        <stem>down</stem>
        <staff>1</staff>
        <notations>
          <tuplet type="stop"/>
          </notations>
        </note>
      <note default-x="159.45" default-y="-10.00" dynamics="71.11">
        <pitch>
          <step>F</step>
          <octave>3</octave>
          </pitch>
        <duration>16</duration>
        <voice>1</voice>
        <type>quarter</type>
        <time-modification>
          <actual-notes>3</actual-notes>
          <normal-notes>2</normal-notes>
          </time-modification>
        <stem>down</stem>
        <staff>1</staff>
        <notations>
          <tuplet type="start" bracket="yes"/>
          <articulations>
            <staccato/>
            </articulations>
          </notations>
        </note>
      <note>
        <rest/>
        <duration>16</duration>
        <voice>1</voice>
        <type>quarter</type>
        <time-modification>
          <actual-notes>3</actual-notes>
          <normal-notes>2</normal-notes>
          </time-modification>
        <staff>1</staff>
        </note>
      <note default-x="211.97" default-y="0.00" dynamics="45.56">
        <pitch>
          <step>A</step>
          <octave>3</octave>
          </pitch>
        <duration>16</duration>
        <voice>1</voice>
        <type>quarter</type>
        <time-modification>
          <actual-notes>3</actual-notes>
          <normal-notes>2</normal-notes>
          </time-modification>
        <stem>down</stem>
        <staff>1</staff>
        <notations>
          <tuplet type="stop"/>
          </notations>
        </note>
      <backup>
        <duration>96</duration>
        </backup>
      <note default-x="38.48" default-y="-165.00" dynamics="92.22">
        <pitch>
          <step>A</step>
          <octave>3</octave>
          </pitch>
        <duration>24</duration>
        <voice>5</voice>
        <type>quarter</type>
        <stem>up</stem>
        <staff>2</staff>
        <notations>
          <articulations>
            <staccato/>
            </articulations>
          </notations>
        </note>
      <note>
        <rest/>
        <duration>24</duration>
        <voice>5</voice>
        <type>quarter</type>
        <staff>2</staff>
        </note>
      <note>
        <rest/>
        <duration>48</duration>
        <voice>5</voice>
        <type>half</type>
        <staff>2</staff>
        </note>
      </measure>
    <measure number="3" width="187.24">
      <note default-x="13.00" default-y="0.00" dynamics="100.00">
        <pitch>
          <step>A</step>
          <octave>3</octave>
          </pitch>
        <duration>16</duration>
        <voice>1</voice>
        <type>quarter</type>
        <time-modification>
          <actual-notes>3</actual-notes>
          <normal-notes>2</normal-notes>
          <normal-type>quarter</normal-type>
          </time-modification>
        <stem>down</stem>
        <staff>1</staff>
        <notations>
          <tuplet type="start" bracket="yes"/>
          </notations>
        </note>
      <note default-x="42.47" default-y="-5.00" dynamics="92.22">
        <pitch>
          <step>G</step>
          <octave>3</octave>
          </pitch>
        <duration>24</duration>
        <voice>1</voice>
        <type>quarter</type>
        <dot/>
        <time-modification>
          <actual-notes>3</actual-notes>
          <normal-notes>2</normal-notes>
          <normal-type>quarter</normal-type>
          </time-modification>
        <stem>down</stem>
        <staff>1</staff>
        </note>
      <note default-x="78.40" default-y="0.00" dynamics="50.00">
        <pitch>
          <step>A</step>
          <octave>3</octave>
          </pitch>
        <duration>8</duration>
        <voice>1</voice>
        <type>eighth</type>
        <time-modification>
          <actual-notes>3</actual-notes>
          <normal-notes>2</normal-notes>
          <normal-type>quarter</normal-type>
          </time-modification>
        <stem>down</stem>
        <staff>1</staff>
        <notations>
          <tuplet type="stop"/>
          </notations>
        </note>
      <note default-x="96.81" default-y="5.00" dynamics="93.33">
        <pitch>
          <step>B</step>
          <alter>-1</alter>
          <octave>3</octave>
          </pitch>
        <duration>12</duration>
        <voice>1</voice>
        <type>eighth</type>
        <stem>down</stem>
        <staff>1</staff>
        <beam number="1">begin</beam>
        </note>
      <note default-x="124.63" default-y="0.00" dynamics="98.89">
        <pitch>
          <step>A</step>
          <alter>-1</alter>
          <octave>3</octave>
          </pitch>
        <duration>12</duration>
        <voice>1</voice>
        <type>eighth</type>
        <accidental>flat</accidental>
        <stem>down</stem>
        <staff>1</staff>
        <beam number="1">end</beam>
        </note>
      <note default-x="149.51" default-y="5.00" dynamics="65.56">
        <pitch>
          <step>B</step>
          <alter>-1</alter>
          <octave>3</octave>
          </pitch>
        <duration>24</duration>
        <voice>1</voice>
        <type>quarter</type>
        <stem>down</stem>
        <staff>1</staff>
        <notations>
          <articulations>
            <staccato/>
            </articulations>
          </notations>
        </note>
      <backup>
        <duration>96</duration>
        </backup>
      <note>
        <rest measure="yes"/>
        <duration>96</duration>
        <voice>5</voice>
        <staff>2</staff>
        </note>
      </measure>
    <measure number="4" width="143.06">
      <note default-x="13.00" default-y="-25.00" dynamics="87.78">
        <pitch>
          <step>C</step>
          <octave>3</octave>
          </pitch>
        <duration>24</duration>
        <voice>1</voice>
        <type>quarter</type>
        <stem>up</stem>
        <staff>1</staff>
        </note>
      <note>
        <rest/>
        <duration>24</duration>
        <voice>1</voice>
        <type>quarter</type>
        <staff>1</staff>
        </note>
      <note>
        <rest/>
        <duration>24</duration>
        <voice>1</voice>
        <type>quarter</type>
        <staff>1</staff>
        </note>
      <note>
        <rest/>
        <duration>12</duration>
        <voice>1</voice>
        <type>eighth</type>
        <staff>1</staff>
        </note>
      <note default-x="113.27" default-y="-15.00" dynamics="67.78">
        <pitch>
          <step>E</step>
          <octave>3</octave>
          </pitch>
        <duration>12</duration>
        <tie type="start"/>
        <voice>1</voice>
        <type>eighth</type>
        <stem>down</stem>
        <staff>1</staff>
        <notations>
          <tied type="start"/>
          </notations>
        </note>
      <backup>
        <duration>96</duration>
        </backup>
      <note>
        <rest measure="yes"/>
        <duration>96</duration>
        <voice>5</voice>
        <staff>2</staff>
        </note>
      </measure>
    <measure number="5" width="143.06">
      <note default-x="13.00" default-y="-15.00" dynamics="67.78">
        <pitch>
          <step>E</step>
          <octave>3</octave>
          </pitch>
        <duration>24</duration>
        <tie type="stop"/>
        <voice>1</voice>
        <type>quarter</type>
        <stem>down</stem>
        <staff>1</staff>
        <notations>
          <tied type="stop"/>
          </notations>
        </note>
      <note default-x="42.60" default-y="-5.00" dynamics="87.78">
        <pitch>
          <step>G</step>
          <octave>3</octave>
          </pitch>
        <duration>24</duration>
        <voice>1</voice>
        <type>quarter</type>
        <stem>down</stem>
        <staff>1</staff>
        <notations>
          <articulations>
            <staccato/>
            </articulations>
          </notations>
        </note>
      <note default-x="72.21" default-y="-5.00" dynamics="86.67">
        <pitch>
          <step>G</step>
          <octave>3</octave>
          </pitch>
        <duration>16</duration>
        <voice>1</voice>
        <type>quarter</type>
        <time-modification>
          <actual-notes>3</actual-notes>
          <normal-notes>2</normal-notes>
          <normal-type>eighth</normal-type>
          </time-modification>
        <stem>down</stem>
        <staff>1</staff>
        <notations>
          <tuplet type="start" bracket="yes"/>
          </notations>
        </note>
      <note default-x="96.49" default-y="-10.00" dynamics="38.89">
        <pitch>
          <step>F</step>
          <octave>3</octave>
          </pitch>
        <duration>8</duration>
        <voice>1</voice>
        <type>eighth</type>
        <time-modification>
          <actual-notes>3</actual-notes>
          <normal-notes>2</normal-notes>
          <normal-type>eighth</normal-type>
          </time-modification>
        <stem>down</stem>
        <staff>1</staff>
        <notations>
          <tuplet type="stop"/>
          </notations>
        </note>
      <note default-x="111.66" default-y="-10.00" dynamics="86.67">
        <pitch>
          <step>F</step>
          <octave>3</octave>
          </pitch>
        <duration>24</duration>
        <voice>1</voice>
        <type>quarter</type>
        <stem>down</stem>
        <staff>1</staff>
        <notations>
          <articulations>
            <staccato/>
            </articulations>
          </notations>
        </note>
      <backup>
        <duration>96</duration>
        </backup>
      <note>
        <rest measure="yes"/>
        <duration>96</duration>
        <voice>5</voice>
        <staff>2</staff>
        </note>
      </measure>
    <measure number="6" width="340.10">
      <print new-system="yes">
        <system-layout>
          <system-margins>
            <left-margin>13.90</left-margin>
            <right-margin>0.00</right-margin>
            </system-margins>
          <system-distance>101.96</system-distance>
          </system-layout>
        <staff-layout number="2">
          <staff-distance>71.10</staff-distance>
          </staff-layout>
        </print>
      <note default-x="79.48" default-y="-10.00" dynamics="82.22">
        <pitch>
          <step>F</step>
          <octave>3</octave>
          </pitch>
        <duration>12</duration>
        <voice>1</voice>
        <type>eighth</type>
        <stem>up</stem>
        <staff>1</staff>
        <beam number="1">begin</beam>
        </note>
      <note default-x="112.25" default-y="-10.00" dynamics="75.56">
        <pitch>
          <step>F</step>
          <octave>3</octave>
          </pitch>
        <duration>12</duration>
        <voice>1</voice>
        <type>eighth</type>
        <stem>up</stem>
        <staff>1</staff>
        <beam number="1">end</beam>
        <notations>
          <articulations>
            <staccato/>
            </articulations>
          </notations>
        </note>
      <note default-x="145.03" default-y="-10.00" dynamics="73.33">
        <pitch>
          <step>F</step>
          <octave>3</octave>
          </pitch>
        <duration>24</duration>
        <voice>1</voice>
        <type>quarter</type>
        <stem>up</stem>
        <staff>1</staff>
        <notations>
          <articulations>
            <staccato/>
            </articulations>
          </notations>
        </note>
      <backup>
        <duration>12</duration>
        </backup>
      <attributes>
        <clef number="1">
          <sign>G</sign>
          <line>2</line>
          </clef>
        </attributes>
      <forward>
        <duration>12</duration>
        </forward>
      <note default-x="232.78" default-y="-15.00" dynamics="54.44">
        <pitch>
          <step>C</step>
          <octave>5</octave>
          </pitch>
        <duration>18</duration>
        <tie type="start"/>
        <voice>1</voice>
        <type>eighth</type>
        <dot/>
        <stem>up</stem>
        <staff>1</staff>
        <beam number="1">begin</beam>
        <notations>
          <tied type="start"/>
          </notations>
        </note>
      <note default-x="272.75" default-y="-70.00" dynamics="71.11">
        <pitch>
          <step>F</step>
          <octave>3</octave>
          </pitch>
        <duration>6</duration>
        <voice>1</voice>
        <type>16th</type>
        <stem>up</stem>
        <staff>1</staff>
        <beam number="1">end</beam>
        <beam number="2">backward hook</beam>
        </note>
      <note default-x="272.75" default-y="-15.00" dynamics="54.44">
        <chord/>
        <pitch>
          <step>C</step>
          <octave>5</octave>
          </pitch>
        <duration>6</duration>
        <tie type="stop"/>
        <voice>1</voice>
        <type>16th</type>
        <stem>up</stem>
        <staff>1</staff>
        <notations>
          <tied type="stop"/>
          </notations>
        </note>
      <note>
        <rest/>
        <duration>24</duration>
        <voice>1</voice>
        <type>quarter</type>
        <staff>1</staff>
        </note>
      <backup>
        <duration>96</duration>
        </backup>
      <note>
        <rest/>
        <duration>24</duration>
        <voice>2</voice>
        <type>quarter</type>
        <staff>1</staff>
        </note>
      <note>
        <rest/>
        <duration>12</duration>
        <voice>2</voice>
        <type>eighth</type>
        <staff>1</staff>
        </note>
      <note default-x="200.00" default-y="-70.00" dynamics="86.67">
        <pitch>
          <step>F</step>
          <octave>3</octave>
          </pitch>
        <duration>12</duration>
        <tie type="start"/>
        <voice>2</voice>
        <type>eighth</type>
        <stem>down</stem>
        <staff>1</staff>
        <notations>
          <tied type="start"/>
          </notations>
        </note>
      <note default-x="232.78" default-y="-70.00" dynamics="86.67">
        <pitch>
          <step>F</step>
          <octave>3</octave>
          </pitch>
        <duration>24</duration>
        <tie type="stop"/>
        <voice>2</voice>
        <type>quarter</type>
        <stem>down</stem>
        <staff>1</staff>
        <notations>
          <tied type="stop"/>
          </notations>
        </note>
      <note>
        <rest/>
        <duration>24</duration>
        <voice>2</voice>
        <type>quarter</type>
        <staff>1</staff>
        </note>
      <backup>
        <duration>96</duration>
        </backup>
      <note>
        <rest measure="yes"/>
        <duration>96</duration>
        <voice>5</voice>
        <staff>2</staff>
        </note>
      </measure>
    <measure number="7" width="253.36">
      <note>
        <rest/>
        <duration>24</duration>
        <voice>1</voice>
        <type>quarter</type>
        <staff>1</staff>
        </note>
      <backup>
        <duration>12</duration>
        </backup>
      <attributes>
        <clef number="1">
          <sign>F</sign>
          <line>4</line>
          </clef>
        </attributes>
      <forward>
        <duration>12</duration>
        </forward>
      <note default-x="91.19" default-y="55.00" dynamics="55.56">
        <pitch>
          <step>E</step>
          <octave>5</octave>
          </pitch>
        <duration>12</duration>
        <voice>1</voice>
        <type>eighth</type>
        <stem>up</stem>
        <staff>1</staff>
        <beam number="1">begin</beam>
        </note>
      <note default-x="120.74" default-y="-25.00" dynamics="85.56">
        <pitch>
          <step>C</step>
          <octave>3</octave>
          </pitch>
        <duration>12</duration>
        <voice>1</voice>
        <type>eighth</type>
        <stem>up</stem>
        <staff>1</staff>
        <beam number="1">end</beam>
        <notations>
          <articulations>
            <staccato/>
            </articulations>
          </notations>
        </note>
      <note default-x="150.29" default-y="-25.00" dynamics="57.78">
        <pitch>
          <step>C</step>
          <octave>3</octave>
          </pitch>
        <duration>18</duration>
        <voice>1</voice>
        <type>eighth</type>
        <dot/>
        <stem>up</stem>
        <staff>1</staff>
        <beam number="1">begin</beam>
        <notations>
          <articulations>
            <staccato/>
            </articulations>
          </notations>
        </note>
      <note default-x="186.32" default-y="-40.00" dynamics="43.33">
        <pitch>
          <step>G</step>
          <octave>2</octave>
          </pitch>
        <duration>6</duration>
        <tie type="start"/>
        <voice>1</voice>
        <type>16th</type>
        <stem>up</stem>
        <staff>1</staff>
        <beam number="1">end</beam>
        <beam number="2">backward hook</beam>
        <notations>
          <tied type="start"/>
          </notations>
        </note>
      <note default-x="210.93" default-y="-40.00" dynamics="43.33">
        <pitch>
          <step>G</step>
          <octave>2</octave>
          </pitch>
        <duration>24</duration>
        <tie type="stop"/>
        <voice>1</voice>
        <type>quarter</type>
        <stem>up</stem>
        <staff>1</staff>
        <notations>
          <tied type="stop"/>
          </notations>
        </note>
      <backup>
        <duration>96</duration>
        </backup>
      <note>
        <rest/>
        <duration>12</duration>
        <voice>2</voice>
        <type>eighth</type>
        <staff>1</staff>
        </note>
      <note default-x="61.63" default-y="-25.00" dynamics="81.11">
        <pitch>
          <step>C</step>
          <octave>3</octave>
          </pitch>
        <duration>36</duration>
        <voice>2</voice>
        <type>quarter</type>
        <dot/>
        <stem>down</stem>
        <staff>1</staff>
        <notations>
          <articulations>
            <staccato/>
            </articulations>
          </notations>
        </note>
      <note>
        <rest/>
        <duration>48</duration>
        <voice>2</voice>
        <type>half</type>
        <staff>1</staff>
        </note>
      <backup>
        <duration>96</duration>
        </backup>
      <note>
        <rest/>
        <duration>24</duration>
        <voice>5</voice>
        <type>quarter</type>
        <staff>2</staff>
        </note>
      <note default-x="91.19" default-y="-126.10" dynamics="33.33">
        <pitch>
          <step>C</step>
          <octave>5</octave>
          </pitch>
        <duration>24</duration>
        <voice>5</voice>
        <type>quarter</type>
        <stem>down</stem>
        <staff>2</staff>
        <notations>
          <articulations>
            <staccato/>
            </articulations>
          </notations>
        </note>
      <note>
        <rest/>
        <duration>48</duration>
        <voice>5</voice>
        <type>half</type>
        <staff>2</staff>
        </note>
      </measure>
    <measure number="8" width="157.58">
      <note default-x="13.00" default-y="-25.00" dynamics="51.11">
        <pitch>
          <step>C</step>
          <octave>3</octave>
          </pitch>
        <duration>24</duration>
        <voice>1</voice>
        <type>quarter</type>
        <stem>up</stem>
        <staff>1</staff>
        <notations>
          <articulations>
            <staccato/>
            </articulations>
          </notations>
        </note>
      <note default-x="45.68" default-y="-15.00" dynamics="55.56">
        <pitch>
          <step>E</step>
          <octave>3</octave>
          </pitch>
        <duration>24</duration>
        <voice>1</voice>
        <type>quarter</type>
        <stem>down</stem>
        <staff>1</staff>
        </note>
      <note>
        <rest/>
        <duration>6</duration>
        <voice>1</voice>
        <type>16th</type>
        <staff>1</staff>
        </note>
      <note default-x="94.12" default-y="-5.00" dynamics="76.67">
        <pitch>
          <step>G</step>
          <octave>3</octave>
          </pitch>
        <duration>18</duration>
        <voice>1</voice>
        <type>eighth</type>
        <dot/>
        <stem>down</stem>
        <staff>1</staff>
        <notations>
          <articulations>
            <staccato/>
            </articulations>
          </notations>
        </note>
      <note default-x="123.10" default-y="-5.00" dynamics="54.44">
        <pitch>
          <step>G</step>
          <octave>3</octave>
          </pitch>
        <duration>24</duration>
        <voice>1</voice>
        <type>quarter</type>
        <stem>down</stem>
        <staff>1</staff>
        <notations>
          <articulations>
            <staccato/>
            </articulations>
          </notations>
        </note>
      <backup>
        <duration>96</duration>
        </backup>
      <note>
        <rest measure="yes"/>
        <duration>96</duration>
        <voice>5</voice>
        <staff>2</staff>
        </note>
      </measure>
    <measure number="9" width="263.76">
      <attributes>
        <clef number="1" after-barline="yes">
          <sign>G</sign>
          <line>2</line>
          </clef>
        </attributes>
      <note default-x="39.25" default-y="-15.00" dynamics="45.56">
        <pitch>
          <step>C</step>
          <octave>5</octave>
          </pitch>
        <duration>24</duration>
        <voice>1</voice>
        <type>quarter</type>
        <stem>down</stem>
        <staff>1</staff>
        <notations>
          <articulations>
            <staccato/>
            </articulations>
          </notations>
        </note>
      <note>
        <rest/>
        <duration>24</duration>
        <voice>1</voice>
        <type>quarter</type>
        <staff>1</staff>
        </note>
      <note>
        <rest/>
        <duration>48</duration>
        <voice>1</voice>
        <type>half</type>
        <staff>1</staff>
        </note>
      <backup>
        <duration>96</duration>
        </backup>
      <attributes>
        <clef number="2" after-barline="yes">
          <sign>F</sign>
          <line>4</line>
          </clef>
        </attributes>
      <note default-x="39.25" default-y="-121.10" dynamics="92.22">
        <pitch>
          <step>F</step>
          <octave>3</octave>
          </pitch>
        <duration>12</duration>
        <voice>5</voice>
        <type>eighth</type>
        <stem>up</stem>
        <staff>2</staff>
        <beam number="1">begin</beam>
        </note>
      <note default-x="62.76" default-y="-121.10" dynamics="91.11">
        <pitch>
          <step>F</step>
          <octave>3</octave>
          </pitch>
        <duration>12</duration>
        <voice>5</voice>
        <type>eighth</type>
        <stem>up</stem>
        <staff>2</staff>
        <beam number="1">end</beam>
        </note>
      <note default-x="86.28" default-y="-121.10" dynamics="73.33">
        <pitch>
          <step>F</step>
          <octave>3</octave>
          </pitch>
        <duration>24</duration>
        <voice>5</voice>
        <type>quarter</type>
        <stem>up</stem>
        <staff>2</staff>
        </note>
      <note default-x="123.90" default-y="-121.10" dynamics="75.56">
        <pitch>
          <step>F</step>
          <octave>3</octave>
          </pitch>
        <duration>12</duration>
        <voice>5</voice>
        <type>eighth</type>
        <stem>up</stem>
        <staff>2</staff>
        <beam number="1">begin</beam>
        </note>
      <note default-x="147.42" default-y="-121.10" dynamics="94.44">
        <pitch>
          <step>F</step>
          <octave>3</octave>
          </pitch>
        <duration>12</duration>
        <voice>5</voice>
        <type>eighth</type>
        <stem>up</stem>
        <staff>2</staff>
        <beam number="1">end</beam>
        </note>
      <note>
        <rest/>
        <duration>12</duration>
        <voice>5</voice>
        <type>eighth</type>
        <staff>2</staff>
        </note>
      <attributes>
        <clef number="2">
          <sign>G</sign>
          <line>2</line>
          </clef>
        </attributes>
      <note default-x="222.40" default-y="-126.10" dynamics="40.00">
        <pitch>
          <step>C</step>
          <octave>5</octave>
          </pitch>
        <duration>12</duration>
        <voice>5</voice>
        <type>eighth</type>
        <stem>up</stem>
        <staff>2</staff>
        </note>
      <backup>
        <duration>96</duration>
        </backup>
      <note>
        <rest/>
        <duration>48</duration>
        <voice>6</voice>
        <type>half</type>
        <staff>2</staff>
        </note>
      <note>
        <rest/>
        <duration>24</duration>
        <voice>6</voice>
        <type>quarter</type>
        <staff>2</staff>
        </note>
      <note default-x="170.93" default-y="-121.10" dynamics="91.11">
        <pitch>
          <step>F</step>
          <octave>3</octave>
          </pitch>
        <duration>24</duration>
        <voice>6</voice>
        <type>quarter</type>
        <stem>down</stem>
        <staff>2</staff>
        </note>
      </measure>
    <measure number="10" width="236.81">
      <print new-system="yes">
        <system-layout>
          <system-margins>
            <left-margin>13.90</left-margin>
            <right-margin>0.00</right-margin>
            </system-margins>
          <system-distance>101.96</system-distance>
          </system-layout>
        <staff-layout number="2">
          <staff-distance>65.00</staff-distance>
          </staff-layout>
        </print>
      <note default-x="82.01" default-y="-15.00" dynamics="57.78">
        <pitch>
          <step>C</step>
          <octave>5</octave>
          </pitch>
        <duration>24</duration>
        <voice>1</voice>
        <type>quarter</type>
        <stem>down</stem>
        <staff>1</staff>
        <notations>
          <articulations>
            <staccato/>
            </articulations>
          </notations>
        </note>
      <note>
        <rest/>
        <duration>24</duration>
        <voice>1</voice>
        <type>quarter</type>
        <staff>1</staff>
        </note>
      <attributes>
        <clef number="1">
          <sign>F</sign>
          <line>4</line>
          </clef>
        </attributes>
      <note default-x="165.44" default-y="-25.00" dynamics="74.44">
        <pitch>
          <step>C</step>
          <octave>3</octave>
          </pitch>
        <duration>24</duration>
        <voice>1</voice>
        <type>quarter</type>
        <stem>up</stem>
        <staff>1</staff>
        </note>
      <note default-x="200.22" default-y="-25.00" dynamics="70.00">
        <pitch>
          <step>C</step>
          <octave>3</octave>
          </pitch>
        <duration>24</duration>
        <voice>1</voice>
        <type>quarter</type>
        <stem>up</stem>
        <staff>1</staff>
        <notations>
          <articulations>
            <staccato/>
            </articulations>
          </notations>
        </note>
      <backup>
        <duration>96</duration>
        </backup>
      <note default-x="82.01" default-y="-175.00" dynamics="88.89">
        <pitch>
          <step>F</step>
          <octave>3</octave>
          </pitch>
        <duration>24</duration>
        <voice>5</voice>
        <type>quarter</type>
        <stem>up</stem>
        <staff>2</staff>
        </note>
      <note>
        <rest/>
        <duration>24</duration>
        <voice>5</voice>
        <type>quarter</type>
        <staff>2</staff>
        </note>
      <note>
        <rest/>
        <duration>48</duration>
        <voice>5</voice>
        <type>half</type>
        <staff>2</staff>
        </note>
      </measure>
    <measure number="11" width="208.75">
      <note>
        <rest/>
        <duration>12</duration>
        <voice>1</voice>
        <type>eighth</type>
        <staff>1</staff>
        </note>
      <note default-x="42.52" default-y="-40.00" dynamics="52.22">
        <pitch>
          <step>G</step>
          <octave>2</octave>
          </pitch>
        <duration>12</duration>
        <voice>1</voice>
        <type>eighth</type>
        <stem>up</stem>
        <staff>1</staff>
        </note>
      <note>
        <rest/>
        <duration>24</duration>
        <voice>1</voice>
        <type>quarter</type>
        <staff>1</staff>
        </note>
      <note>
        <rest/>
        <duration>24</duration>
        <voice>1</voice>
        <type>quarter</type>
        <staff>1</staff>
        </note>
      <attributes>
        <clef number="1">
          <sign>G</sign>
          <line>2</line>
          </clef>
        </attributes>
      <note default-x="165.32" default-y="-65.00" dynamics="75.56">
        <pitch>
          <step>G</step>
          <octave>3</octave>
          </pitch>
        <duration>24</duration>
        <voice>1</voice>
        <type>quarter</type>
        <stem>up</stem>
        <staff>1</staff>
        <notations>
          <articulations>
            <staccato/>
            </articulations>
          </notations>
        </note>
      <backup>
        <duration>96</duration>
        </backup>
      <note default-x="16.50" default-y="-75.00" dynamics="47.78">
        <pitch>
          <step>G</step>
          <octave>1</octave>
          </pitch>
        <duration>48</duration>
        <voice>2</voice>
        <type>half</type>
        <stem>down</stem>
        <staff>1</staff>
        </note>
      <note>
        <rest/>
        <duration>48</duration>
        <voice>2</voice>
        <type>half</type>
        <staff>1</staff>
        </note>
      <backup>
        <duration>96</duration>
        </backup>
      <note>
        <rest measure="yes"/>
        <duration>96</duration>
        <voice>5</voice>
        <staff>2</staff>
        </note>
      </measure>
    <measure number="12" width="328.45">
      <note default-x="16.50" default-y="-55.00" dynamics="87.78">
        <pitch>
          <step>B</step>
          <alter>-1</alter>
          <octave>3</octave>
          </pitch>
        <duration>12</duration>
        <voice>1</voice>
        <type>eighth</type>
        <stem>up</stem>
        <staff>1</staff>
        <beam number="1">begin</beam>
        </note>
      <note default-x="51.93" default-y="-60.00" dynamics="74.44">
        <pitch>
          <step>A</step>
          <alter>-1</alter>
          <octave>3</octave>
          </pitch>
        <duration>12</duration>
        <voice>1</voice>
        <type>eighth</type>
        <accidental>flat</accidental>
        <stem>up</stem>
        <staff>1</staff>
        <beam number="1">end</beam>
        </note>
      <note>
        <rest/>
        <duration>6</duration>
        <voice>1</voice>
        <type>16th</type>
        <staff>1</staff>
        </note>
      <note default-x="109.50" default-y="-60.00" dynamics="100.00">
        <pitch>
          <step>A</step>
          <octave>3</octave>
          </pitch>
        <duration>18</duration>
        <voice>1</voice>
        <type>eighth</type>
        <dot/>
        <accidental>natural</accidental>
        <stem>up</stem>
        <staff>1</staff>
        <notations>
          <articulations>
            <staccato/>
            </articulations>
          </notations>
        </note>
      <note>
        <rest/>
        <duration>12</duration>
        <voice>1</voice>
        <type>eighth</type>
        <staff>1</staff>
        </note>
      <note default-x="215.24" default-y="-35.00" dynamics="52.22">
        <pitch>
          <step>F</step>
          <alter>1</alter>
          <octave>4</octave>
          </pitch>
        <duration>12</duration>
        <voice>1</voice>
        <type>eighth</type>
        <accidental>sharp</accidental>
        <stem>up</stem>
        <staff>1</staff>
        </note>
      <attributes>
        <clef number="1">
          <sign>F</sign>
          <line>4</line>
          </clef>
        </attributes>
      <note default-x="277.93" default-y="-10.00" dynamics="58.89">
        <pitch>
          <step>F</step>
          <octave>3</octave>
          </pitch>
        <duration>24</duration>
        <voice>1</voice>
        <type>quarter</type>
        <stem>down</stem>
        <staff>1</staff>
        <notations>
          <articulations>
            <staccato/>
            </articulations>
          </notations>
        </note>
      <backup>
        <duration>96</duration>
        </backup>
      <note>
        <rest/>
        <duration>48</duration>
        <voice>5</voice>
        <type>half</type>
        <staff>2</staff>
        </note>
      <note>
        <rest/>
        <duration>12</duration>
        <voice>5</voice>
        <type>eighth</type>
        <staff>2</staff>
        </note>
      <attributes>
        <clef number="2">
          <sign>F</sign>
          <line>4</line>
          </clef>
        </attributes>
      <note default-x="215.24" default-y="-115.00" dynamics="81.11">
        <pitch>
          <step>F</step>
          <alter>1</alter>
          <octave>3</octave>
          </pitch>
        <duration>12</duration>
        <voice>5</voice>
        <type>eighth</type>
        <accidental>sharp</accidental>
        <stem>down</stem>
        <staff>2</staff>
        </note>
      <note>
        <rest/>
        <duration>24</duration>
        <voice>5</voice>
        <type>quarter</type>
        <staff>2</staff>
        </note>
      </measure>
    <measure number="13" width="240.78">
      <note>
        <rest/>
        <duration>48</duration>
        <voice>1</voice>
        <type>half</type>
        <staff>1</staff>
        </note>
      <note>
        <rest/>
        <duration>24</duration>
        <voice>1</voice>
        <type>quarter</type>
        <staff>1</staff>
        </note>
      <note>
        <rest/>
        <duration>12</duration>
        <voice>1</voice>
        <type>eighth</type>
        <staff>1</staff>
        </note>
      <note>
        <rest/>
        <duration>6</duration>
        <voice>1</voice>
        <type>16th</type>
        <staff>1</staff>
        </note>
      <attributes>
        <clef number="1">
          <sign>G</sign>
          <line>2</line>
          </clef>
        </attributes>
      <note default-x="199.79" default-y="-55.00" dynamics="92.22">
        <pitch>
          <step>B</step>
          <alter>-1</alter>
          <octave>3</octave>
          </pitch>
        <duration>6</duration>
        <tie type="start"/>
        <voice>1</voice>
        <type>16th</type>
        <stem>up</stem>
        <staff>1</staff>
        <notations>
          <tied type="start"/>
          </notations>
        </note>
      <backup>
        <duration>96</duration>
        </backup>
      <note>
        <rest/>
        <duration>48</duration>
        <voice>2</voice>
        <type>half</type>
        <staff>1</staff>
        </note>
      <note default-x="59.13" default-y="-15.00" dynamics="80.00">
        <pitch>
          <step>E</step>
          <octave>3</octave>
          </pitch>
        <duration>16</duration>
        <voice>2</voice>
        <type>quarter</type>
        <time-modification>
          <actual-notes>3</actual-notes>
          <normal-notes>2</normal-notes>
          <normal-type>eighth</normal-type>
          </time-modification>
        <stem>down</stem>
        <staff>1</staff>
        <notations>
          <tuplet type="start" bracket="yes"/>
          </notations>
        </note>
      <note default-x="89.59" default-y="-5.00" dynamics="91.11">
        <pitch>
          <step>G</step>
          <octave>3</octave>
          </pitch>
        <duration>8</duration>
        <tie type="start"/>
        <voice>2</voice>
        <type>eighth</type>
        <time-modification>
          <actual-notes>3</actual-notes>
          <normal-notes>2</normal-notes>
          <normal-type>eighth</normal-type>
          </time-modification>
        <stem>down</stem>
        <staff>1</staff>
        <notations>
          <tied type="start"/>
          <tuplet type="stop"/>
          </notations>
        </note>
      <note default-x="117.70" default-y="-5.00" dynamics="91.11">
        <pitch>
          <step>G</step>
          <octave>3</octave>
          </pitch>
        <duration>24</duration>
        <tie type="stop"/>
        <voice>2</voice>
        <type>quarter</type>
        <stem>down</stem>
        <staff>1</staff>
        <notations>
          <tied type="stop"/>
          </notations>
        </note>
      <backup>
        <duration>96</duration>
        </backup>
      <note>
        <rest measure="yes"/>
        <duration>96</duration>
        <voice>5</voice>
        <staff>2</staff>
        </note>
      </measure>
    <measure number="14" width="300.12">
      <print new-system="yes">
        <system-layout>
          <system-margins>
            <left-margin>13.90</left-margin>
            <right-margin>0.00</right-margin>
            </system-margins>
          <system-distance>101.96</system-distance>
          </system-layout>
        <staff-layout number="2">
          <staff-distance>65.00</staff-distance>
          </staff-layout>
        </print>
      <note default-x="94.20" default-y="-55.00" dynamics="92.22">
        <pitch>
          <step>B</step>
          <alter>-1</alter>
          <octave>3</octave>
          </pitch>
        <duration>24</duration>
        <tie type="stop"/>
        <voice>1</voice>
        <type>quarter</type>
        <stem>up</stem>
        <staff>1</staff>
        <notations>
          <tied type="stop"/>
          </notations>
        </note>
      <backup>
        <duration>12</duration>
        </backup>
      <attributes>
        <clef number="1">
          <sign>F</sign>
          <line>4</line>
          </clef>
        </attributes>
      <forward>
        <duration>12</duration>
        </forward>
      <note>
        <rest/>
        <duration>24</duration>
        <voice>1</voice>
        <type>quarter</type>
        <staff>1</staff>
        </note>
      <note>
        <rest/>
        <duration>48</duration>
        <voice>1</voice>
        <type>half</type>
        <staff>1</staff>
        </note>
      <backup>
        <duration>96</duration>
        </backup>
      <note default-x="90.10" default-y="-5.00" dynamics="35.56">
        <pitch>
          <step>E</step>
          <alter>-1</alter>
          <octave>5</octave>
          </pitch>
        <duration>12</duration>
        <voice>2</voice>
        <type>eighth</type>
        <accidental>flat</accidental>
        <stem>down</stem>
        <staff>1</staff>
        <beam number="1">begin</beam>
        </note>
      <note default-x="157.05" default-y="0.00" dynamics="92.22">
        <pitch>
          <step>A</step>
          <alter>-1</alter>
          <octave>3</octave>
          </pitch>
        <duration>12</duration>
        <voice>2</voice>
        <type>eighth</type>
        <accidental>flat</accidental>
        <stem>down</stem>
        <staff>1</staff>
        <beam number="1">end</beam>
        <notations>
          <articulations>
            <staccato/>
            </articulations>
          </notations>
        </note>
      <note default-x="183.58" default-y="0.00" dynamics="83.33">
        <pitch>
          <step>A</step>
          <octave>3</octave>
          </pitch>
        <duration>24</duration>
        <voice>2</voice>
        <type>quarter</type>
        <accidental>natural</accidental>
        <stem>down</stem>
        <staff>1</staff>
        <notations>
          <articulations>
            <staccato/>
            </articulations>
          </notations>
        </note>
      <note default-x="222.66" default-y="-25.00" dynamics="74.44">
        <pitch>
          <step>C</step>
          <octave>3</octave>
          </pitch>
        <duration>16</duration>
        <voice>2</voice>
        <type>quarter</type>
        <time-modification>
          <actual-notes>3</actual-notes>
          <normal-notes>2</normal-notes>
          <normal-type>quarter</normal-type>
          </time-modification>
        <stem>down</stem>
        <staff>1</staff>
        <notations>
          <tuplet type="start" bracket="yes"/>
          </notations>
        </note>
      <note default-x="253.17" default-y="-25.00" dynamics="91.11">
        <pitch>
          <step>C</step>
          <octave>3</octave>
          </pitch>
        <duration>32</duration>
        <voice>2</voice>
        <type>half</type>
        <time-modification>
          <actual-notes>3</actual-notes>
          <normal-notes>2</normal-notes>
          <normal-type>quarter</normal-type>
          </time-modification>
        <stem>down</stem>
        <staff>1</staff>
        <notations>
          <tuplet type="stop"/>
          </notations>
        </note>
      <backup>
        <duration>96</duration>
        </backup>
      <note>
        <rest measure="yes"/>
        <duration>96</duration>
        <voice>5</voice>
        <staff>2</staff>
        </note>
      </measure>
    <measure number="15" width="150.96">
      <note>
        <rest/>
        <duration>24</duration>
        <voice>1</voice>
        <type>quarter</type>
        <staff>1</staff>
        </note>
      <note>
        <rest/>
        <duration>12</duration>
        <voice>1</voice>
        <type>eighth</type>
        <staff>1</staff>
        </note>
      <note default-x="65.06" default-y="-5.00" dynamics="36.67">
        <pitch>
          <step>G</step>
          <octave>3</octave>
          </pitch>
        <duration>12</duration>
        <voice>1</voice>
        <type>eighth</type>
        <stem>down</stem>
        <staff>1</staff>
        </note>
      <note default-x="85.08" default-y="-5.00" dynamics="86.67">
        <pitch>
          <step>G</step>
          <octave>3</octave>
          </pitch>
        <duration>24</duration>
        <voice>1</voice>
        <type>quarter</type>
        <stem>down</stem>
        <staff>1</staff>
        <notations>
          <articulations>
            <staccato/>
            </articulations>
          </notations>
        </note>
      <note default-x="117.12" default-y="-5.00" dynamics="95.56">
        <pitch>
          <step>G</step>
          <octave>3</octave>
          </pitch>
        <duration>24</duration>
        <voice>1</voice>
        <type>quarter</type>
        <stem>down</stem>
        <staff>1</staff>
        </note>
      <backup>
        <duration>96</duration>
        </backup>
      <note>
        <rest measure="yes"/>
        <duration>96</duration>
        <voice>5</voice>
        <staff>2</staff>
        </note>
      </measure>
    <measure number="16" width="114.97">
      <note default-x="13.00" default-y="-10.00" dynamics="75.56">
        <pitch>
          <step>F</step>
          <octave>3</octave>
          </pitch>
        <duration>24</duration>
        <voice>1</voice>
        <type>quarter</type>
        <stem>down</stem>
        <staff>1</staff>
        </note>
      <note default-x="40.82" default-y="-10.00" dynamics="56.67">
        <pitch>
          <step>F</step>
          <octave>3</octave>
          </pitch>
        <duration>24</duration>
        <voice>1</voice>
        <type>quarter</type>
        <stem>down</stem>
        <staff>1</staff>
        <notations>
          <articulations>
            <staccato/>
            </articulations>
          </notations>
        </note>
      <note>
        <rest/>
        <duration>48</duration>
        <voice>1</voice>
        <type>half</type>
        <staff>1</staff>
        </note>
      <backup>
        <duration>96</duration>
        </backup>
      <note>
        <rest measure="yes"/>
        <duration>96</duration>
        <voice>5</voice>
        <staff>2</staff>
        </note>
      </measure>
    <measure number="17" width="200.82">
      <note default-x="13.00" default-y="-10.00" dynamics="54.44">
        <pitch>
          <step>F</step>
          <octave>3</octave>
          </pitch>
        <duration>24</duration>
        <voice>1</voice>
        <type>quarter</type>
        <stem>down</stem>
        <staff>1</staff>
        </note>
      <note default-x="49.59" default-y="-10.00" dynamics="90.00">
        <pitch>
          <step>F</step>
          <octave>3</octave>
          </pitch>
        <duration>8</duration>
        <voice>1</voice>
        <type>eighth</type>
        <time-modification>
          <actual-notes>3</actual-notes>
          <normal-notes>2</normal-notes>
          </time-modification>
        <stem>down</stem>
        <staff>1</staff>
        <beam number="1">begin</beam>
        <notations>
          <tuplet type="start" bracket="yes"/>
          </notations>
        </note>
      <note default-x="68.35" default-y="-15.00" dynamics="46.67">
        <pitch>
          <step>E</step>
          <octave>3</octave>
          </pitch>
        <duration>8</duration>
        <voice>1</voice>
        <type>eighth</type>
        <time-modification>
          <actual-notes>3</actual-notes>
          <normal-notes>2</normal-notes>
          </time-modification>
        <stem>down</stem>
        <staff>1</staff>
        <beam number="1">end</beam>
        </note>
      <note>
        <rest/>
        <duration>8</duration>
        <voice>1</voice>
        <type>eighth</type>
        <time-modification>
          <actual-notes>3</actual-notes>
          <normal-notes>2</normal-notes>
          </time-modification>
        <staff>1</staff>
        <notations>
          <tuplet type="stop"/>
          </notations>
        </note>
      <note>
        <rest/>
        <duration>24</duration>
        <voice>1</voice>
        <type>quarter</type>
        <staff>1</staff>
        </note>
      <note default-x="142.46" default-y="-25.00" dynamics="67.78">
        <pitch>
          <step>C</step>
          <octave>3</octave>
          </pitch>
        <duration>8</duration>
        <voice>1</voice>
        <type>eighth</type>
        <time-modification>
          <actual-notes>3</actual-notes>
          <normal-notes>2</normal-notes>
          <normal-type>eighth</normal-type>
          </time-modification>
        <stem>up</stem>
        <staff>1</staff>
        <notations>
          <tuplet type="start" bracket="yes"/>
          </notations>
        </note>
      <note default-x="169.01" default-y="-25.00" dynamics="76.67">
        <pitch>
          <step>C</step>
          <octave>3</octave>
          </pitch>
        <duration>16</duration>
        <voice>1</voice>
        <type>quarter</type>
        <time-modification>
          <actual-notes>3</actual-notes>
          <normal-notes>2</normal-notes>
          <normal-type>eighth</normal-type>
          </time-modification>
        <stem>up</stem>
        <staff>1</staff>
        <notations>
          <tuplet type="stop"/>
          </notations>
        </note>
      <backup>
        <duration>96</duration>
        </backup>
      <note>
        <rest measure="yes"/>
        <duration>96</duration>
        <voice>5</voice>
        <staff>2</staff>
        </note>
      </measure>
    <measure number="18" width="132.96">
      <note default-x="13.00" default-y="-25.00" dynamics="86.67">
        <pitch>
          <step>C</step>
          <octave>3</octave>
          </pitch>
        <duration>24</duration>
        <voice>1</voice>
        <type>quarter</type>
        <stem>up</stem>
        <staff>1</staff>
        <notations>
          <articulations>
            <staccato/>
            </articulations>
          </notations>
        </note>
      <note default-x="42.54" default-y="-15.00" dynamics="73.33">
        <pitch>
          <step>E</step>
          <octave>3</octave>
          </pitch>
        <duration>24</duration>
        <voice>1</voice>
        <type>quarter</type>
        <stem>down</stem>
        <staff>1</staff>
        <notations>
          <articulations>
            <staccato/>
            </articulations>
          </notations>
        </note>
      <note default-x="72.08" default-y="-5.00" dynamics="75.56">
        <pitch>
          <step>G</step>
          <octave>3</octave>
          </pitch>
        <duration>24</duration>
        <voice>1</voice>
        <type>quarter</type>
        <stem>down</stem>
        <staff>1</staff>
        </note>
      <note default-x="101.62" default-y="-5.00" dynamics="95.56">
        <pitch>
          <step>G</step>
          <octave>3</octave>
          </pitch>
        <duration>24</duration>
        <voice>1</voice>
        <type>quarter</type>
        <stem>down</stem>
        <staff>1</staff>
        <notations>
          <articulations>
            <staccato/>
            </articulations>
          </notations>
        </note>
      <backup>
        <duration>96</duration>
        </backup>
      <note>
        <rest measure="yes"/>
        <duration>96</duration>
        <voice>5</voice>
        <staff>2</staff>
        </note>
      </measure>
    <measure number="19" width="114.97">
      <note default-x="13.00" default-y="-10.00" dynamics="61.11">
        <pitch>
          <step>F</step>
          <octave>3</octave>
          </pitch>
        <duration>24</duration>
        <voice>1</voice>
        <type>quarter</type>
        <stem>down</stem>
        <staff>1</staff>
        </note>
      <note>
        <rest/>
        <duration>24</duration>
        <voice>1</voice>
        <type>quarter</type>
        <staff>1</staff>
        </note>
      <note>
        <rest/>
        <duration>48</duration>
        <voice>1</voice>
        <type>half</type>
        <staff>1</staff>
        </note>
      <backup>
        <duration>96</duration>
        </backup>
      <note>
        <rest measure="yes"/>
        <duration>96</duration>
        <voice>5</voice>
        <staff>2</staff>
        </note>
      </measure>
    <measure number="20" width="299.82">
      <print new-system="yes">
        <system-layout>
          <system-margins>
            <left-margin>13.90</left-margin>
            <right-margin>0.00</right-margin>
            </system-margins>
          <system-distance>101.96</system-distance>
          </system-layout>
        <staff-layout number="2">
          <staff-distance>65.00</staff-distance>
          </staff-layout>
        </print>
      <note default-x="79.47" default-y="-10.00" dynamics="52.22">
        <pitch>
          <step>F</step>
          <octave>3</octave>
          </pitch>
        <duration>12</duration>
        <voice>1</voice>
        <type>eighth</type>
        <stem>down</stem>
        <staff>1</staff>
        <beam number="1">begin</beam>
        </note>
      <note default-x="109.57" default-y="-10.00" dynamics="85.56">
        <pitch>
          <step>F</step>
          <octave>3</octave>
          </pitch>
        <duration>12</duration>
        <voice>1</voice>
        <type>eighth</type>
        <stem>down</stem>
        <staff>1</staff>
        <beam number="1">end</beam>
        </note>
      <note default-x="139.67" default-y="-10.00" dynamics="92.22">
        <pitch>
          <step>F</step>
          <octave>3</octave>
          </pitch>
        <duration>18</duration>
        <voice>1</voice>
        <type>eighth</type>
        <dot/>
        <stem>down</stem>
        <staff>1</staff>
        <beam number="1">begin</beam>
        </note>
      <note default-x="176.48" default-y="-15.00" dynamics="57.78">
        <pitch>
          <step>E</step>
          <alter>-1</alter>
          <octave>3</octave>
          </pitch>
        <duration>6</duration>
        <tie type="start"/>
        <voice>1</voice>
        <type>16th</type>
        <accidental>flat</accidental>
        <stem>down</stem>
        <staff>1</staff>
        <beam number="1">end</beam>
        <beam number="2">backward hook</beam>
        <notations>
          <tied type="start"/>
          </notations>
        </note>
      <note default-x="195.29" default-y="-15.00" dynamics="57.78">
        <pitch>
          <step>E</step>
          <alter>-1</alter>
          <octave>3</octave>
          </pitch>
        <duration>24</duration>
        <tie type="stop"/>
        <voice>1</voice>
        <type>quarter</type>
        <stem>down</stem>
        <staff>1</staff>
        <notations>
          <tied type="stop"/>
          </notations>
        </note>
      <note default-x="236.68" default-y="-25.00" dynamics="75.56">
        <pitch>
          <step>C</step>
          <octave>3</octave>
          </pitch>
        <duration>8</duration>
        <voice>1</voice>
        <type>eighth</type>
        <time-modification>
          <actual-notes>3</actual-notes>
          <normal-notes>2</normal-notes>
          <normal-type>eighth</normal-type>
          </time-modification>
        <stem>up</stem>
        <staff>1</staff>
        <notations>
          <tuplet type="start" bracket="yes"/>
          </notations>
        </note>
      <note default-x="263.24" default-y="-25.00" dynamics="66.67">
        <pitch>
          <step>C</step>
          <octave>3</octave>
          </pitch>
        <duration>16</duration>
        <voice>1</voice>
        <type>quarter</type>
        <time-modification>
          <actual-notes>3</actual-notes>
          <normal-notes>2</normal-notes>
          <normal-type>eighth</normal-type>
          </time-modification>
        <stem>up</stem>
        <staff>1</staff>
        <notations>
          <tuplet type="stop"/>
          </notations>
        </note>
      <backup>
        <duration>96</duration>
        </backup>
      <note>
        <rest measure="yes"/>
        <duration>96</duration>
        <voice>5</voice>
        <staff>2</staff>
        </note>
      </measure>
    <measure number="21" width="188.10">
      <note default-x="13.00" default-y="-25.00" dynamics="57.78">
        <pitch>
          <step>C</step>
          <octave>3</octave>
          </pitch>
        <duration>24</duration>
        <voice>1</voice>
        <type>quarter</type>
        <stem>up</stem>
        <staff>1</staff>
        <notations>
          <articulations>
            <staccato/>
            </articulations>
          </notations>
        </note>
      <note>
        <rest/>
        <duration>8</duration>
        <voice>1</voice>
        <type>eighth</type>
        <time-modification>
          <actual-notes>3</actual-notes>
          <normal-notes>2</normal-notes>
          <normal-type>eighth</normal-type>
          </time-modification>
        <staff>1</staff>
        <notations>
          <tuplet type="start" bracket="yes"/>
          </notations>
        </note>
      <note default-x="63.26" default-y="-75.00" dynamics="47.78">
        <pitch>
          <step>G</step>
          <octave>1</octave>
          </pitch>
        <duration>16</duration>
        <voice>1</voice>
        <type>quarter</type>
        <time-modification>
          <actual-notes>3</actual-notes>
          <normal-notes>2</normal-notes>
          <normal-type>eighth</normal-type>
          </time-modification>
        <stem>up</stem>
        <staff>1</staff>
        <notations>
          <tuplet type="stop"/>
          </notations>
        </note>
      <note>
        <rest/>
        <duration>24</duration>
        <voice>1</voice>
        <type>quarter</type>
        <staff>1</staff>
        </note>
      <note>
        <rest/>
        <duration>12</duration>
        <voice>1</voice>
        <type>eighth</type>
        <staff>1</staff>
        </note>
      <note default-x="146.74" default-y="5.00" dynamics="81.11">
        <pitch>
          <step>B</step>
          <alter>-1</alter>
          <octave>3</octave>
          </pitch>
        <duration>12</duration>
        <voice>1</voice>
        <type>eighth</type>
        <stem>up</stem>
        <staff>1</staff>
        </note>
      <backup>
        <duration>96</duration>
        </backup>
      <note>
        <rest/>
        <duration>24</duration>
        <voice>2</voice>
        <type>quarter</type>
        <staff>1</staff>
        </note>
      <note default-x="46.23" default-y="-40.00" dynamics="46.67">
        <pitch>
          <step>G</step>
          <octave>2</octave>
          </pitch>
        <duration>48</duration>
        <voice>2</voice>
        <type>half</type>
        <stem>down</stem>
        <staff>1</staff>
        </note>
      <note>
        <rest/>
        <duration>24</duration>
        <voice>2</voice>
        <type>quarter</type>
        <staff>1</staff>
        </note>
      <backup>
        <duration>96</duration>
        </backup>
      <note>
        <rest measure="yes"/>
        <duration>96</duration>
        <voice>5</voice>
        <staff>2</staff>
        </note>
      </measure>
    <measure number="22" width="185.46">
      <note default-x="13.00" default-y="-5.00" dynamics="52.22">
        <pitch>
          <step>G</step>
          <octave>3</octave>
          </pitch>
        <duration>24</duration>
        <voice>1</voice>
        <type>quarter</type>
        <stem>up</stem>
        <staff>1</staff>
        <notations>
          <articulations>
            <staccato/>
            </articulations>
          </notations>
        </note>
      <note default-x="51.77" default-y="5.00" dynamics="78.89">
        <pitch>
          <step>B</step>
          <alter>-1</alter>
          <octave>3</octave>
          </pitch>
        <duration>12</duration>
        <voice>1</voice>
        <type>eighth</type>
        <stem>up</stem>
        <staff>1</staff>
        <beam number="1">begin</beam>
        </note>
      <note default-x="79.58" default-y="0.00" dynamics="58.89">
        <pitch>
          <step>A</step>
          <alter>-1</alter>
          <octave>3</octave>
          </pitch>
        <duration>12</duration>
        <voice>1</voice>
        <type>eighth</type>
        <accidental>flat</accidental>
        <stem>up</stem>
        <staff>1</staff>
        <beam number="1">end</beam>
        <notations>
          <articulations>
            <staccato/>
            </articulations>
          </notations>
        </note>
      <note default-x="106.12" default-y="0.00" dynamics="82.22">
        <pitch>
          <step>A</step>
          <octave>3</octave>
          </pitch>
        <duration>24</duration>
        <voice>1</voice>
        <type>quarter</type>
        <accidental>natural</accidental>
        <stem>up</stem>
        <staff>1</staff>
        <notations>
          <articulations>
            <staccato/>
            </articulations>
          </notations>
        </note>
      <note>
        <rest/>
        <duration>24</duration>
        <voice>1</voice>
        <type>quarter</type>
        <staff>1</staff>
        </note>
      <backup>
        <duration>96</duration>
        </backup>
      <note>
        <rest/>
        <duration>48</duration>
        <voice>2</voice>
        <type>half</type>
        <staff>1</staff>
        </note>
      <note>
        <rest/>
        <duration>24</duration>
        <voice>2</voice>
        <type>quarter</type>
        <staff>1</staff>
        </note>
      <note default-x="144.89" default-y="-10.00" dynamics="75.56">
        <pitch>
          <step>F</step>
          <octave>3</octave>
          </pitch>
        <duration>24</duration>
        <tie type="start"/>
        <voice>2</voice>
        <type>quarter</type>
        <stem>down</stem>
        <staff>1</staff>
        <notations>
          <tied type="start"/>
          </notations>
        </note>
      <backup>
        <duration>96</duration>
        </backup>
      <note>
        <rest measure="yes"/>
        <duration>96</duration>
        <voice>5</voice>
        <staff>2</staff>
        </note>
      </measure>
    <measure number="23" width="341.42">
      <note default-x="13.00" default-y="0.00" dynamics="107.78">
        <pitch>
          <step>A</step>
          <octave>3</octave>
          </pitch>
        <duration>24</duration>
        <tie type="start"/>
        <voice>1</voice>
        <type>quarter</type>
        <stem>up</stem>
        <staff>1</staff>
        <notations>
          <tied type="start"/>
          </notations>
        </note>
      <note default-x="63.87" default-y="0.00" dynamics="107.78">
        <pitch>
          <step>A</step>
          <octave>3</octave>
          </pitch>
        <duration>24</duration>
        <tie type="stop"/>
        <voice>1</voice>
        <type>quarter</type>
        <stem>up</stem>
        <staff>1</staff>
        <notations>
          <tied type="stop"/>
          </notations>
        </note>
      <note default-x="63.87" default-y="35.00" dynamics="54.44">
        <chord/>
        <pitch>
          <step>A</step>
          <octave>4</octave>
          </pitch>
        <duration>24</duration>
        <voice>1</voice>
        <type>quarter</type>
        <stem>up</stem>
        <staff>1</staff>
        </note>
      <note default-x="114.74" default-y="-5.00" dynamics="88.89">
        <pitch>
          <step>G</step>
          <octave>3</octave>
          </pitch>
        <duration>12</duration>
        <voice>1</voice>
        <type>eighth</type>
        <stem>up</stem>
        <staff>1</staff>
        </note>
      <note>
        <rest/>
        <duration>6</duration>
        <voice>1</voice>
        <type>16th</type>
        <staff>1</staff>
        </note>
      <attributes>
        <clef number="1">
          <sign>G</sign>
          <line>2</line>
          </clef>
        </attributes>
      <note default-x="203.97" default-y="-20.00" dynamics="36.67">
        <pitch>
          <step>B</step>
          <alter>-1</alter>
          <octave>4</octave>
          </pitch>
        <duration>6</duration>
        <tie type="start"/>
        <voice>1</voice>
        <type>16th</type>
        <stem>up</stem>
        <staff>1</staff>
        <notations>
          <tied type="start"/>
          </notations>
        </note>
      <note default-x="239.77" default-y="-20.00" dynamics="36.67">
        <pitch>
          <step>B</step>
          <alter>-1</alter>
          <octave>4</octave>
          </pitch>
        <duration>12</duration>
        <tie type="stop"/>
        <voice>1</voice>
        <type>eighth</type>
        <stem>up</stem>
        <staff>1</staff>
        <beam number="1">begin</beam>
        <notations>
          <tied type="stop"/>
          </notations>
        </note>
      <attributes>
        <clef number="1">
          <sign>F</sign>
          <line>4</line>
          </clef>
        </attributes>
      <note default-x="302.62" default-y="0.00" dynamics="86.67">
        <pitch>
          <step>A</step>
          <alter>-1</alter>
          <octave>3</octave>
          </pitch>
        <duration>12</duration>
        <voice>1</voice>
        <type>eighth</type>
        <accidental>flat</accidental>
        <stem>up</stem>
        <staff>1</staff>
        <beam number="1">end</beam>
        </note>
      <backup>
        <duration>96</duration>
        </backup>
      <note default-x="13.00" default-y="-10.00" dynamics="75.56">
        <pitch>
          <step>F</step>
          <octave>3</octave>
          </pitch>
        <duration>24</duration>
        <tie type="stop"/>
        <voice>2</voice>
        <type>quarter</type>
        <stem>down</stem>
        <staff>1</staff>
        <notations>
          <tied type="stop"/>
          </notations>
        </note>
      <note>
        <rest/>
        <duration>24</duration>
        <voice>2</voice>
        <type>quarter</type>
        <staff>1</staff>
        </note>
      <note>
        <rest/>
        <duration>48</duration>
        <voice>2</voice>
        <type>half</type>
        <staff>1</staff>
        </note>
      <backup>
        <duration>96</duration>
        </backup>
      <note>
        <rest/>
        <duration>48</duration>
        <voice>5</voice>
        <type>half</type>
        <staff>2</staff>
        </note>
      <note>
        <rest/>
        <duration>24</duration>
        <voice>5</voice>
        <type>quarter</type>
        <staff>2</staff>
        </note>
      <note default-x="239.77" default-y="-100.00" dynamics="71.11">
        <pitch>
          <step>B</step>
          <alter>-1</alter>
          <octave>3</octave>
          </pitch>
        <duration>24</duration>
        <voice>5</voice>
        <type>quarter</type>
        <stem>down</stem>
        <staff>2</staff>
        <notations>
          <articulations>
            <staccato/>
            </articulations>
          </notations>
        </note>
      </measure>
    <measure number="24" width="273.59">
      <print new-system="yes">
        <system-layout>
          <system-margins>
            <left-margin>13.90</left-margin>
            <right-margin>0.00</right-margin>
            </system-margins>
          <system-distance>101.96</system-distance>
          </system-layout>
        <staff-layout number="2">
          <staff-distance>65.00</staff-distance>
          </staff-layout>
        </print>
      <note>
        <rest measure="yes"/>
        <duration>96</duration>
        <voice>1</voice>
        <staff>1</staff>
        </note>
      <backup>
        <duration>96</duration>
        </backup>
      <note default-x="79.47" default-y="5.00" dynamics="56.67">
        <pitch>
          <step>B</step>
          <alter>-1</alter>
          <octave>3</octave>
          </pitch>
        <duration>24</duration>
        <voice>2</voice>
        <type>quarter</type>
        <stem>down</stem>
        <staff>1</staff>
        <notations>
          <articulations>
            <staccato/>
            </articulations>
          </notations>
        </note>
      <note default-x="116.17" default-y="-25.00" dynamics="57.78">
        <pitch>
          <step>C</step>
          <octave>3</octave>
          </pitch>
        <duration>24</duration>
        <voice>2</voice>
        <type>quarter</type>
        <stem>down</stem>
        <staff>1</staff>
        </note>
      <note>
        <rest/>
        <duration>6</duration>
        <voice>2</voice>
        <type>16th</type>
        <staff>1</staff>
        </note>
      <note default-x="169.56" default-y="-25.00" dynamics="43.33">
        <pitch>
          <step>C</step>
          <octave>3</octave>
          </pitch>
        <duration>18</duration>
        <voice>2</voice>
        <type>eighth</type>
        <dot/>
        <stem>down</stem>
        <staff>1</staff>
        <notations>
          <articulations>
            <staccato/>
            </articulations>
          </notations>
        </note>
      <note default-x="202.12" default-y="-25.00" dynamics="52.22">
        <pitch>
          <step>C</step>
          <octave>3</octave>
          </pitch>
        <duration>8</duration>
        <voice>2</voice>
        <type>eighth</type>
        <time-modification>
          <actual-notes>3</actual-notes>
          <normal-notes>2</normal-notes>
          </time-modification>
        <stem>down</stem>
        <staff>1</staff>
        <notations>
          <tuplet type="start" bracket="yes"/>
          </notations>
        </note>
      <note>
        <rest/>
        <duration>8</duration>
        <voice>2</voice>
        <type>eighth</type>
        <time-modification>
          <actual-notes>3</actual-notes>
          <normal-notes>2</normal-notes>
          </time-modification>
        <staff>1</staff>
        </note>
      <note default-x="243.80" default-y="-15.00" dynamics="96.67">
        <pitch>
          <step>E</step>
          <octave>3</octave>
          </pitch>
        <duration>8</duration>
        <tie type="start"/>
        <voice>2</voice>
        <type>eighth</type>
        <time-modification>
          <actual-notes>3</actual-notes>
          <normal-notes>2</normal-notes>
          </time-modification>
        <stem>down</stem>
        <staff>1</staff>
        <notations>
          <tied type="start"/>
          <tuplet type="stop"/>
          </notations>
        </note>
      <backup>
        <duration>96</duration>
        </backup>
      <note>
        <rest measure="yes"/>
        <duration>96</duration>
        <voice>5</voice>
        <staff>2</staff>
        </note>
      </measure>
    <measure number="25" width="230.14">
      <note default-x="21.54" default-y="40.00" dynamics="51.11">
        <pitch>
          <step>B</step>
          <octave>4</octave>
          </pitch>
        <duration>24</duration>
        <voice>1</voice>
        <type>quarter</type>
        <accidental>natural</accidental>
        <stem>up</stem>
        <staff>1</staff>
        <notations>
          <articulations>
            <staccato/>
            </articulations>
          </notations>
        </note>
      <note>
        <rest/>
        <duration>24</duration>
        <voice>1</voice>
        <type>quarter</type>
        <staff>1</staff>
        </note>
      <note>
        <rest/>
        <duration>48</duration>
        <voice>1</voice>
        <type>half</type>
        <staff>1</staff>
        </note>
      <backup>
        <duration>96</duration>
        </backup>
      <note default-x="21.54" default-y="-15.00" dynamics="96.67">
        <pitch>
          <step>E</step>
          <octave>3</octave>
          </pitch>
        <duration>6</duration>
        <tie type="stop"/>
        <voice>2</voice>
        <type>16th</type>
        <stem>down</stem>
        <staff>1</staff>
        <beam number="1">begin</beam>
        <beam number="2">forward hook</beam>
        <notations>
          <tied type="stop"/>
          </notations>
        </note>
      <note default-x="39.16" default-y="-15.00" dynamics="94.44">
        <pitch>
          <step>E</step>
          <octave>3</octave>
          </pitch>
        <duration>18</duration>
        <voice>2</voice>
        <type>eighth</type>
        <dot/>
        <stem>down</stem>
        <staff>1</staff>
        <beam number="1">end</beam>
        <notations>
          <articulations>
            <staccato/>
            </articulations>
          </notations>
        </note>
      <note default-x="75.97" default-y="0.00" dynamics="78.89">
        <pitch>
          <step>A</step>
          <alter>-1</alter>
          <octave>3</octave>
          </pitch>
        <duration>8</duration>
        <voice>2</voice>
        <type>eighth</type>
        <accidental>flat</accidental>
        <time-modification>
          <actual-notes>3</actual-notes>
          <normal-notes>2</normal-notes>
          <normal-type>eighth</normal-type>
          </time-modification>
        <stem>down</stem>
        <staff>1</staff>
        <notations>
          <tuplet type="start" bracket="yes"/>
          </notations>
        </note>
      <note default-x="97.99" default-y="-5.00" dynamics="107.78">
        <pitch>
          <step>G</step>
          <octave>3</octave>
          </pitch>
        <duration>16</duration>
        <voice>2</voice>
        <type>quarter</type>
        <time-modification>
          <actual-notes>3</actual-notes>
          <normal-notes>2</normal-notes>
          <normal-type>eighth</normal-type>
          </time-modification>
        <stem>down</stem>
        <staff>1</staff>
        <notations>
          <tuplet type="stop"/>
          </notations>
        </note>
      <note default-x="130.58" default-y="-5.00" dynamics="96.67">
        <pitch>
          <step>G</step>
          <octave>3</octave>
          </pitch>
        <duration>16</duration>
        <voice>2</voice>
        <type>quarter</type>
        <time-modification>
          <actual-notes>3</actual-notes>
          <normal-notes>2</normal-notes>
          </time-modification>
        <stem>down</stem>
        <staff>1</staff>
        <notations>
          <tuplet type="start" bracket="yes"/>
          </notations>
        </note>
      <note default-x="163.16" default-y="-10.00" dynamics="71.11">
        <pitch>
          <step>F</step>
          <octave>3</octave>
          </pitch>
        <duration>16</duration>
        <voice>2</voice>
        <type>quarter</type>
        <time-modification>
          <actual-notes>3</actual-notes>
          <normal-notes>2</normal-notes>
          </time-modification>
        <stem>down</stem>
        <staff>1</staff>
        </note>
      <note default-x="195.75" default-y="-10.00" dynamics="63.33">
        <pitch>
          <step>F</step>
          <octave>3</octave>
          </pitch>
        <duration>16</duration>
        <voice>2</voice>
        <type>quarter</type>
        <time-modification>
          <actual-notes>3</actual-notes>
          <normal-notes>2</normal-notes>
          </time-modification>
        <stem>down</stem>
        <staff>1</staff>
        <notations>
          <tuplet type="stop"/>
          <articulations>
            <staccato/>
            </articulations>
          </notations>
        </note>
      <backup>
        <duration>96</duration>
        </backup>
      <note>
        <rest measure="yes"/>
        <duration>96</duration>
        <voice>5</voice>
        <staff>2</staff>
        </note>
      </measure>
    <measure number="26" width="177.43">
      <note default-x="13.00" default-y="-10.00" dynamics="57.78">
        <pitch>
          <step>F</step>
          <octave>3</octave>
          </pitch>
        <duration>24</duration>
        <voice>1</voice>
        <type>quarter</type>
        <stem>down</stem>
        <staff>1</staff>
        </note>
      <note default-x="49.14" default-y="-10.00" dynamics="72.22">
        <pitch>
          <step>F</step>
          <octave>3</octave>
          </pitch>
        <duration>12</duration>
        <voice>1</voice>
        <type>eighth</type>
        <stem>down</stem>
        <staff>1</staff>
        <beam number="1">begin</beam>
        </note>
      <note default-x="71.73" default-y="-10.00" dynamics="90.00">
        <pitch>
          <step>F</step>
          <octave>3</octave>
          </pitch>
        <duration>12</duration>
        <voice>1</voice>
        <type>eighth</type>
        <stem>down</stem>
        <staff>1</staff>
        <beam number="1">end</beam>
        </note>
      <note default-x="94.31" default-y="-10.00" dynamics="47.78">
        <pitch>
          <step>F</step>
          <octave>3</octave>
          </pitch>
        <duration>12</duration>
        <voice>1</voice>
        <type>eighth</type>
        <stem>down</stem>
        <staff>1</staff>
        <beam number="1">begin</beam>
        </note>
      <note default-x="116.90" default-y="-10.00" dynamics="71.11">
        <pitch>
          <step>F</step>
          <octave>3</octave>
          </pitch>
        <duration>12</duration>
        <voice>1</voice>
        <type>eighth</type>
        <stem>down</stem>
        <staff>1</staff>
        <beam number="1">end</beam>
        </note>
      <note default-x="139.49" default-y="-15.00" dynamics="47.78">
        <pitch>
          <step>E</step>
          <octave>3</octave>
          </pitch>
        <duration>24</duration>
        <voice>1</voice>
        <type>quarter</type>
        <stem>down</stem>
        <staff>1</staff>
        <notations>
          <articulations>
            <staccato/>
            </articulations>
          </notations>
        </note>
      <backup>
        <duration>96</duration>
        </backup>
      <note>
        <rest measure="yes"/>
        <duration>96</duration>
        <voice>5</voice>
        <staff>2</staff>
        </note>
      </measure>
    <measure number="27" width="174.21">
      <note default-x="13.00" default-y="-25.00" dynamics="76.67">
        <pitch>
          <step>C</step>
          <octave>3</octave>
          </pitch>
        <duration>24</duration>
        <voice>1</voice>
        <type>quarter</type>
        <stem>up</stem>
        <staff>1</staff>
        <notations>
          <articulations>
            <staccato/>
            </articulations>
          </notations>
        </note>
      <note>
        <rest/>
        <duration>24</duration>
        <voice>1</voice>
        <type>quarter</type>
        <staff>1</staff>
        </note>
      <note default-x="82.39" default-y="-40.00" dynamics="55.56">
        <pitch>
          <step>G</step>
          <octave>2</octave>
          </pitch>
        <duration>24</duration>
        <voice>1</voice>
        <type>quarter</type>
        <stem>up</stem>
        <staff>1</staff>
        </note>
      <note>
        <rest/>
        <duration>6</duration>
        <voice>1</voice>
        <type>16th</type>
        <staff>1</staff>
        </note>
      <note default-x="132.85" default-y="-25.00" dynamics="68.89">
        <pitch>
          <step>C</step>
          <octave>3</octave>
          </pitch>
        <duration>18</duration>
        <voice>1</voice>
        <type>eighth</type>
        <dot/>
        <stem>up</stem>
        <staff>1</staff>
        <notations>
          <articulations>
            <staccato/>
            </articulations>
          </notations>
        </note>
      <backup>
        <duration>96</duration>
        </backup>
      <note>
        <rest measure="yes"/>
        <duration>96</duration>
        <voice>5</voice>
        <staff>2</staff>
        </note>
      </measure>
    <measure number="28" width="159.43">
      <note default-x="13.00" default-y="-15.00" dynamics="76.67">
        <pitch>
          <step>E</step>
          <octave>3</octave>
          </pitch>
        <duration>24</duration>
        <voice>1</voice>
        <type>quarter</type>
        <stem>down</stem>
        <staff>1</staff>
        <notations>
          <articulations>
            <staccato/>
            </articulations>
          </notations>
        </note>
      <note default-x="47.03" default-y="-5.00" dynamics="97.78">
        <pitch>
          <step>G</step>
          <octave>3</octave>
          </pitch>
        <duration>24</duration>
        <voice>1</voice>
        <type>quarter</type>
        <stem>down</stem>
        <staff>1</staff>
        </note>
      <note default-x="81.06" default-y="-5.00" dynamics="94.44">
        <pitch>
          <step>G</step>
          <octave>3</octave>
          </pitch>
        <duration>12</duration>
        <voice>1</voice>
        <type>eighth</type>
        <stem>down</stem>
        <staff>1</staff>
        <beam number="1">begin</beam>
        </note>
      <note default-x="102.33" default-y="-10.00" dynamics="66.67">
        <pitch>
          <step>F</step>
          <octave>3</octave>
          </pitch>
        <duration>12</duration>
        <voice>1</voice>
        <type>eighth</type>
        <stem>down</stem>
        <staff>1</staff>
        <beam number="1">end</beam>
        </note>
      <note default-x="123.60" default-y="-10.00" dynamics="85.56">
        <pitch>
          <step>F</step>
          <octave>3</octave>
          </pitch>
        <duration>24</duration>
        <voice>1</voice>
        <type>quarter</type>
        <stem>down</stem>
        <staff>1</staff>
        <notations>
          <articulations>
            <staccato/>
            </articulations>
          </notations>
        </note>
      <backup>
        <duration>96</duration>
        </backup>
      <note>
        <rest measure="yes"/>
        <duration>96</duration>
        <voice>5</voice>
        <staff>2</staff>
        </note>
      </measure>
    <measure number="29" width="578.41">
      <print new-page="yes">
        <system-layout>
          <system-margins>
            <left-margin>13.90</left-margin>
            <right-margin>0.00</right-margin>
            </system-margins>
          <top-system-distance>70.00</top-system-distance>
          </system-layout>
        <staff-layout number="2">
          <staff-distance>65.00</staff-distance>
          </staff-layout>
        </print>
      <note default-x="79.47" default-y="-10.00" dynamics="102.22">
        <pitch>
          <step>F</step>
          <octave>3</octave>
          </pitch>
        <duration>12</duration>
        <voice>1</voice>
        <type>eighth</type>
        <stem>down</stem>
        <staff>1</staff>
        </note>
      <note>
        <rest/>
        <duration>3</duration>
        <voice>1</voice>
        <type>32nd</type>
        <staff>1</staff>
        </note>
      <note default-x="167.85" default-y="-10.00" dynamics="87.78">
        <pitch>
          <step>F</step>
          <octave>3</octave>
          </pitch>
        <duration>9</duration>
        <voice>1</voice>
        <type>16th</type>
        <dot/>
        <stem>down</stem>
        <staff>1</staff>
        </note>
      <note default-x="221.73" default-y="-10.00" dynamics="94.44">
        <pitch>
          <step>F</step>
          <octave>3</octave>
          </pitch>
        <duration>16</duration>
        <voice>1</voice>
        <type>quarter</type>
        <time-modification>
          <actual-notes>3</actual-notes>
          <normal-notes>2</normal-notes>
          <normal-type>eighth</normal-type>
          </time-modification>
        <stem>down</stem>
        <staff>1</staff>
        <notations>
          <tuplet type="start" bracket="yes"/>
          </notations>
        </note>
      <note default-x="289.37" default-y="-10.00" dynamics="72.22">
        <pitch>
          <step>F</step>
          <octave>3</octave>
          </pitch>
        <duration>8</duration>
        <voice>1</voice>
        <type>eighth</type>
        <time-modification>
          <actual-notes>3</actual-notes>
          <normal-notes>2</normal-notes>
          <normal-type>eighth</normal-type>
          </time-modification>
        <stem>down</stem>
        <staff>1</staff>
        <notations>
          <tuplet type="stop"/>
          </notations>
        </note>
      <note default-x="340.44" default-y="-10.00" dynamics="67.78">
        <pitch>
          <step>F</step>
          <octave>3</octave>
          </pitch>
        <duration>12</duration>
        <voice>1</voice>
        <type>eighth</type>
        <stem>down</stem>
        <staff>1</staff>
        <beam number="1">begin</beam>
        </note>
      <note default-x="401.20" default-y="-10.00" dynamics="80.00">
        <pitch>
          <step>F</step>
          <octave>3</octave>
          </pitch>
        <duration>12</duration>
        <voice>1</voice>
        <type>eighth</type>
        <stem>down</stem>
        <staff>1</staff>
        <beam number="1">end</beam>
        </note>
      <note>
        <rest/>
        <duration>6</duration>
        <voice>1</voice>
        <type>16th</type>
        <staff>1</staff>
        </note>
      <note default-x="506.15" default-y="-15.00" dynamics="87.78">
        <pitch>
          <step>E</step>
          <alter>-1</alter>
          <octave>3</octave>
          </pitch>
        <duration>18</duration>
        <voice>1</voice>
        <type>eighth</type>
        <dot/>
        <accidental>flat</accidental>
        <stem>down</stem>
        <staff>1</staff>
        <notations>
          <articulations>
            <staccato/>
            </articulations>
          </notations>
        </note>
      <backup>
        <duration>96</duration>
        </backup>
      <note>
        <rest measure="yes"/>
        <duration>96</duration>
        <voice>5</voice>
        <staff>2</staff>
        </note>
      </measure>
    <measure number="30" width="436.39">
      <note>
        <rest/>
        <duration>6</duration>
        <voice>1</voice>
        <type>16th</type>
        <staff>1</staff>
        </note>
      <note default-x="59.11" default-y="-25.00" dynamics="80.00">
        <pitch>
          <step>C</step>
          <octave>3</octave>
          </pitch>
        <duration>18</duration>
        <voice>1</voice>
        <type>eighth</type>
        <dot/>
        <stem>up</stem>
        <staff>1</staff>
        </note>
      <note>
        <rest/>
        <duration>12</duration>
        <voice>1</voice>
        <type>eighth</type>
        <staff>1</staff>
        </note>
      <note default-x="222.85" default-y="-25.00" dynamics="56.67">
        <pitch>
          <step>C</step>
          <octave>3</octave>
          </pitch>
        <duration>12</duration>
        <voice>1</voice>
        <type>eighth</type>
        <stem>up</stem>
        <staff>1</staff>
        <notations>
          <articulations>
            <staccato/>
            </articulations>
          </notations>
        </note>
      <note>
        <rest/>
        <duration>48</duration>
        <voice>1</voice>
        <type>half</type>
        <staff>1</staff>
        </note>
      <backup>
        <duration>96</duration>
        </backup>
      <note>
        <rest measure="yes"/>
        <duration>96</duration>
        <voice>5</voice>
        <staff>2</staff>
        </note>
      <barline location="right">
        <bar-style>light-heavy</bar-style>
        </barline>
      </measure>
    </part>
  </score-partwise>
