<?xml version="1.0" encoding="UTF-8"?>
<!DOCTYPE score-partwise PUBLIC "-//Recordare//DTD MusicXML 3.1 Partwise//EN" "http://www.musicxml.org/dtds/partwise.dtd">
<score-partwise version="3.1">
  <identification>
    <encoding>
      <software>MuseScore 3.6.2</software>
      <encoding-date>2025-02-27</encoding-date>
      <supports element="accidental" type="yes"/>
      <supports element="beam" type="yes"/>
      <supports element="print" attribute="new-page" type="yes" value="yes"/>
      <supports element="print" attribute="new-system" type="yes" value="yes"/>
      <supports element="stem" type="yes"/>
      </encoding>
    </identification>
  <defaults>
    <scaling>
      <millimeters>6.99911</millimeters>
      <tenths>40</tenths>
      </scaling>
    <page-layout>
      <page-height>1697.36</page-height>
      <page-width>1200.15</page-width>
      <page-margins type="even">
        <left-margin>85.7252</left-margin>
        <right-margin>85.7252</right-margin>
        <top-margin>85.7252</top-margin>
        <bottom-margin>85.7252</bottom-margin>
        </page-margins>
      <page-margins type="odd">
        <left-margin>85.7252</left-margin>
        <right-margin>85.7252</right-margin>
        <top-margin>85.7252</top-margin>
        <bottom-margin>85.7252</bottom-margin>
        </page-margins>
      </page-layout>
    <word-font font-family="Edwin" font-size="10"/>
    <lyric-font font-family="Edwin" font-size="10"/>
    </defaults>
  <part-list>
    <score-part id="P1">
      <part-name>Piano elettrico</part-name>
      <part-abbreviation>P-no el.</part-abbreviation>
      <score-instrument id="P1-I1">
        <instrument-name>Piano elettrico</instrument-name>
        </score-instrument>
      <midi-device id="P1-I1" port="1"></midi-device>
      <midi-instrument id="P1-I1">
        <midi-channel>1</midi-channel>
        <midi-program>5</midi-program>
        <volume>78.7402</volume>
        <pan>0</pan>
        </midi-instrument>
      </score-part>
    </part-list>
  <part id="P1">
    <measure number="1" width="434.36">
      <print>
        <system-layout>
          <system-margins>
            <left-margin>50.00</left-margin>
            <right-margin>0.00</right-margin>
            </system-margins>
          <top-system-distance>70.00</top-system-distance>
          </system-layout>
        </print>
      <attributes>
        <divisions>12</divisions>
        <key>
          <fifths>0</fifths>
          </key>
        <time>
          <beats>4</beats>
          <beat-type>4</beat-type>
          </time>
        <clef>
          <sign>G</sign>
          <line>2</line>
          </clef>
        </attributes>
      <direction placement="above">
        <direction-type>
          <metronome parentheses="no" default-x="-41.18" default-y="5.72" relative-y="20.00">
            <beat-unit>quarter</beat-unit>
            <per-minute>127</per-minute>
            </metronome>
          </direction-type>
        <sound tempo="127"/>
        </direction>
      <note>
        <rest/>
        <duration>6</duration>
        <voice>1</voice>
        <type>eighth</type>
        </note>
      <note>
        <rest/>
        <duration>3</duration>
        <voice>1</voice>
        <type>16th</type>
        </note>
      <note default-x="144.79" default-y="-20.00" dynamics="28.89">
        <pitch>
          <step>B</step>
          <alter>-1</alter>
          <octave>4</octave>
          </pitch>
        <duration>3</duration>
        <tie type="start"/>
        <voice>1</voice>
        <type>16th</type>
        <accidental>flat</accidental>
        <stem>up</stem>
        <notations>
          <tied type="start"/>
          </notations>
        </note>
      <note default-x="187.30" default-y="-20.00" dynamics="28.89">
        <pitch>
          <step>B</step>
          <alter>-1</alter>
          <octave>4</octave>
          </pitch>
        <duration>12</duration>
        <tie type="stop"/>
        <voice>1</voice>
        <type>quarter</type>
        <stem>up</stem>
        <notations>
          <tied type="stop"/>
          </notations>
        </note>
      <note>
        <rest/>
        <duration>6</duration>
        <voice>1</voice>
        <type>eighth</type>
        </note>
      <note default-x="299.68" default-y="-35.00" dynamics="42.22">
        <pitch>
          <step>F</step>
          <octave>4</octave>
          </pitch>
        <duration>18</duration>
        <voice>1</voice>
        <type>quarter</type>
        <dot/>
        <stem>up</stem>
        <notations>
          <articulations>
            <staccato/>
            </articulations>
          </notations>
        </note>
      <backup>
        <duration>12</duration>
        </backup>
      <attributes>
        <clef>
          <sign>F</sign>
          <line>4</line>
          </clef>
        </attributes>
      <forward>
        <duration>12</duration>
        </forward>
      <backup>
        <duration>48</duration>
        </backup>
      <note default-x="84.22" default-y="-65.00" dynamics="70.00">
        <pitch>
          <step>G</step>
          <octave>3</octave>
          </pitch>
        <duration>12</duration>
        <voice>2</voice>
        <type>quarter</type>
        <stem>down</stem>
        <notations>
          <articulations>
            <staccato/>
            </articulations>
          </notations>
        </note>
      <note default-x="187.30" default-y="-55.00" dynamics="93.33">
        <pitch>
          <step>B</step>
          <alter>-1</alter>
          <octave>3</octave>
          </pitch>
        <duration>6</duration>
        <voice>2</voice>
        <type>eighth</type>
        <accidental>flat</accidental>
        <stem>down</stem>
        <beam number="1">begin</beam>
        </note>
      <note default-x="221.49" default-y="-60.00" dynamics="90.00">
        <pitch>
          <step>A</step>
          <octave>3</octave>
          </pitch>
        <duration>3</duration>
        <voice>2</voice>
        <type>16th</type>
        <stem>down</stem>
        <beam number="1">continue</beam>
        <beam number="2">begin</beam>
        </note>
      <note default-x="243.49" default-y="-60.00" dynamics="92.22">
        <pitch>
          <step>A</step>
          <octave>3</octave>
          </pitch>
        <duration>3</duration>
        <voice>2</voice>
        <type>16th</type>
        <stem>down</stem>
        <beam number="1">end</beam>
        <beam number="2">end</beam>
        </note>
      <note default-x="265.49" default-y="-60.00" dynamics="87.78">
        <pitch>
          <step>A</step>
          <octave>3</octave>
          </pitch>
        <duration>12</duration>
        <voice>2</voice>
        <type>quarter</type>
        <stem>down</stem>
        <notations>
          <articulations>
            <staccato/>
            </articulations>
          </notations>
        </note>
      <note default-x="364.17" default-y="-10.00" dynamics="72.22">
        <pitch>
          <step>F</step>
          <alter>1</alter>
          <octave>3</octave>
          </pitch>
        <duration>6</duration>
        <voice>2</voice>
        <type>eighth</type>
        <accidental>sharp</accidental>
        <stem>down</stem>
        <beam number="1">begin</beam>
        </note>
      <note default-x="398.37" default-y="-10.00" dynamics="57.78">
        <pitch>
          <step>F</step>
          <octave>3</octave>
          </pitch>
        <duration>6</duration>
        <voice>2</voice>
        <type>eighth</type>
        <accidental>natural</accidental>
        <stem>down</stem>
        <beam number="1">end</beam>
        <notations>
          <articulations>
            <staccato/>
            </articulations>
          </notations>
        </note>
      </measure>
    <measure number="2" width="355.83">
      <note default-x="13.00" default-y="0.00" dynamics="46.67">
        <pitch>
          <step>A</step>
          <octave>3</octave>
          </pitch>
        <duration>4</duration>
        <voice>1</voice>
        <type>eighth</type>
        <time-modification>
          <actual-notes>3</actual-notes>
          <normal-notes>2</normal-notes>
          </time-modification>
        <stem>down</stem>
        <beam number="1">begin</beam>
        <notations>
          <tuplet type="start" bracket="yes"/>
          </notations>
        </note>
      <note default-x="37.74" default-y="0.00" dynamics="85.56">
        <pitch>
          <step>A</step>
          <octave>3</octave>
          </pitch>
        <duration>4</duration>
        <voice>1</voice>
        <type>eighth</type>
        <time-modification>
          <actual-notes>3</actual-notes>
          <normal-notes>2</normal-notes>
          </time-modification>
        <stem>down</stem>
        <beam number="1">end</beam>
        </note>
      <note>
        <rest/>
        <duration>4</duration>
        <voice>1</voice>
        <type>eighth</type>
        <time-modification>
          <actual-notes>3</actual-notes>
          <normal-notes>2</normal-notes>
          </time-modification>
        <notations>
          <tuplet type="stop"/>
          </notations>
        </note>
      <attributes>
        <clef>
          <sign>G</sign>
          <line>2</line>
          </clef>
        </attributes>
      <note default-x="115.50" default-y="-65.00" dynamics="84.44">
        <pitch>
          <step>G</step>
          <octave>3</octave>
          </pitch>
        <duration>12</duration>
        <voice>1</voice>
        <type>quarter</type>
        <stem>up</stem>
        <notations>
          <articulations>
            <staccato/>
            </articulations>
          </notations>
        </note>
      <note default-x="115.50" default-y="-30.00" dynamics="56.67">
        <chord/>
        <pitch>
          <step>G</step>
          <octave>4</octave>
          </pitch>
        <duration>12</duration>
        <voice>1</voice>
        <type>quarter</type>
        <stem>up</stem>
        </note>
      <note default-x="154.94" default-y="-55.00" dynamics="85.56">
        <pitch>
          <step>B</step>
          <alter>-1</alter>
          <octave>3</octave>
          </pitch>
        <duration>6</duration>
        <voice>1</voice>
        <type>eighth</type>
        <accidental>flat</accidental>
        <stem>up</stem>
        <beam number="1">begin</beam>
        <notations>
          <articulations>
            <staccato/>
            </articulations>
          </notations>
        </note>
      <note default-x="154.94" default-y="-20.00" dynamics="58.89">
        <chord/>
        <pitch>
          <step>B</step>
          <alter>-1</alter>
          <octave>4</octave>
          </pitch>
        <duration>6</duration>
        <voice>1</voice>
        <type>eighth</type>
        <accidental>flat</accidental>
        <stem>up</stem>
        </note>
      <attributes>
        <clef>
          <sign>F</sign>
          <line>4</line>
          </clef>
        </attributes>
      <note default-x="219.44" default-y="-5.00" dynamics="82.22">
        <pitch>
          <step>G</step>
          <alter>1</alter>
          <octave>3</octave>
          </pitch>
        <duration>6</duration>
        <voice>1</voice>
        <type>eighth</type>
        <accidental>sharp</accidental>
        <stem>up</stem>
        <beam number="1">end</beam>
        </note>
      <note default-x="249.61" default-y="0.00" dynamics="73.33">
        <pitch>
          <step>A</step>
          <octave>3</octave>
          </pitch>
        <duration>4</duration>
        <voice>1</voice>
        <type>eighth</type>
        <time-modification>
          <actual-notes>3</actual-notes>
          <normal-notes>2</normal-notes>
          <normal-type>eighth</normal-type>
          </time-modification>
        <stem>down</stem>
        <notations>
          <tuplet type="start" bracket="yes"/>
          </notations>
        </note>
      <note>
        <rest/>
        <duration>4</duration>
        <voice>1</voice>
        <type>eighth</type>
        <time-modification>
          <actual-notes>3</actual-notes>
          <normal-notes>2</normal-notes>
          <normal-type>eighth</normal-type>
          </time-modification>
        </note>
      <note>
        <rest/>
        <duration>2</duration>
        <voice>1</voice>
        <type>16th</type>
        <time-modification>
          <actual-notes>3</actual-notes>
          <normal-notes>2</normal-notes>
          <normal-type>eighth</normal-type>
          </time-modification>
        </note>
      <note default-x="314.84" default-y="-30.00" dynamics="62.22">
        <pitch>
          <step>B</step>
          <octave>2</octave>
          </pitch>
        <duration>2</duration>
        <tie type="start"/>
        <voice>1</voice>
        <type>16th</type>
        <time-modification>
          <actual-notes>3</actual-notes>
          <normal-notes>2</normal-notes>
          <normal-type>eighth</normal-type>
          </time-modification>
        <stem>up</stem>
        <notations>
          <tied type="start"/>
          <tuplet type="stop"/>
          </notations>
        </note>
      </measure>
    <measure number="3" width="188.51">
      <note default-x="13.00" default-y="-30.00" dynamics="62.22">
        <pitch>
          <step>B</step>
          <octave>2</octave>
          </pitch>
        <duration>4</duration>
        <tie type="stop"/>
        <voice>1</voice>
        <type>eighth</type>
        <time-modification>
          <actual-notes>3</actual-notes>
          <normal-notes>2</normal-notes>
          </time-modification>
        <stem>up</stem>
        <beam number="1">begin</beam>
        <notations>
          <tied type="stop"/>
          <tuplet type="start" bracket="no"/>
          </notations>
        </note>
      <note default-x="29.65" default-y="-25.00" dynamics="58.89">
        <pitch>
          <step>C</step>
          <octave>3</octave>
          </pitch>
        <duration>4</duration>
        <voice>1</voice>
        <type>eighth</type>
        <time-modification>
          <actual-notes>3</actual-notes>
          <normal-notes>2</normal-notes>
          </time-modification>
        <stem>up</stem>
        <beam number="1">continue</beam>
        </note>
      <note default-x="46.30" default-y="-25.00" dynamics="58.89">
        <pitch>
          <step>C</step>
          <octave>3</octave>
          </pitch>
        <duration>4</duration>
        <tie type="start"/>
        <voice>1</voice>
        <type>eighth</type>
        <time-modification>
          <actual-notes>3</actual-notes>
          <normal-notes>2</normal-notes>
          </time-modification>
        <stem>up</stem>
        <beam number="1">end</beam>
        <notations>
          <tied type="start"/>
          <tuplet type="stop"/>
          </notations>
        </note>
      <note default-x="62.95" default-y="-25.00" dynamics="58.89">
        <pitch>
          <step>C</step>
          <octave>3</octave>
          </pitch>
        <duration>12</duration>
        <tie type="stop"/>
        <voice>1</voice>
        <type>quarter</type>
        <stem>up</stem>
        <notations>
          <tied type="stop"/>
          </notations>
        </note>
      <note>
        <rest/>
        <duration>12</duration>
        <voice>1</voice>
        <type>quarter</type>
        </note>
      <note>
        <rest/>
        <duration>6</duration>
        <voice>1</voice>
        <type>eighth</type>
        </note>
      <note>
        <rest/>
        <duration>3</duration>
        <voice>1</voice>
        <type>16th</type>
        </note>
      <note default-x="158.71" default-y="-5.00" dynamics="47.78">
        <pitch>
          <step>G</step>
          <octave>3</octave>
          </pitch>
        <duration>3</duration>
        <voice>1</voice>
        <type>16th</type>
        <stem>down</stem>
        </note>
      </measure>
    <measure number="4" width="204.15">
      <print new-system="yes">
        <system-layout>
          <system-margins>
            <left-margin>0.00</left-margin>
            <right-margin>0.00</right-margin>
            </system-margins>
          <system-distance>150.00</system-distance>
          </system-layout>
        </print>
      <note default-x="59.56" default-y="-5.00" dynamics="98.89">
        <pitch>
          <step>G</step>
          <octave>3</octave>
          </pitch>
        <duration>12</duration>
        <voice>1</voice>
        <type>quarter</type>
        <stem>down</stem>
        </note>
      <note default-x="91.23" default-y="-10.00" dynamics="74.44">
        <pitch>
          <step>F</step>
          <octave>3</octave>
          </pitch>
        <duration>12</duration>
        <voice>1</voice>
        <type>quarter</type>
        <stem>down</stem>
        <notations>
          <articulations>
            <staccato/>
            </articulations>
          </notations>
        </note>
      <note default-x="91.23" default-y="25.00" dynamics="61.11">
        <chord/>
        <pitch>
          <step>F</step>
          <octave>4</octave>
          </pitch>
        <duration>12</duration>
        <voice>1</voice>
        <type>quarter</type>
        <stem>down</stem>
        </note>
      <note>
        <rest/>
        <duration>12</duration>
        <voice>1</voice>
        <type>quarter</type>
        </note>
      <note>
        <rest/>
        <duration>6</duration>
        <voice>1</voice>
        <type>eighth</type>
        </note>
      <note default-x="174.36" default-y="-10.00" dynamics="56.67">
        <pitch>
          <step>F</step>
          <octave>3</octave>
          </pitch>
        <duration>6</duration>
        <voice>1</voice>
        <type>eighth</type>
        <stem>down</stem>
        </note>
      </measure>
    <measure number="5" width="157.60">
      <note>
        <rest/>
        <duration>12</duration>
        <voice>1</voice>
        <type>quarter</type>
        </note>
      <note default-x="45.98" default-y="-10.00" dynamics="90.00">
        <pitch>
          <step>F</step>
          <octave>3</octave>
          </pitch>
        <duration>12</duration>
        <voice>1</voice>
        <type>quarter</type>
        <stem>down</stem>
        </note>
      <note default-x="78.97" default-y="-15.00" dynamics="63.33">
        <pitch>
          <step>E</step>
          <octave>3</octave>
          </pitch>
        <duration>8</duration>
        <voice>1</voice>
        <type>quarter</type>
        <time-modification>
          <actual-notes>3</actual-notes>
          <normal-notes>2</normal-notes>
          </time-modification>
        <stem>down</stem>
        <notations>
          <tuplet type="start" bracket="yes"/>
          <articulations>
            <staccato/>
            </articulations>
          </notations>
        </note>
      <note>
        <rest/>
        <duration>8</duration>
        <voice>1</voice>
        <type>quarter</type>
        <time-modification>
          <actual-notes>3</actual-notes>
          <normal-notes>2</normal-notes>
          </time-modification>
        </note>
      <note default-x="127.80" default-y="-25.00" dynamics="86.67">
        <pitch>
          <step>C</step>
          <octave>3</octave>
          </pitch>
        <duration>8</duration>
        <voice>1</voice>
        <type>quarter</type>
        <time-modification>
          <actual-notes>3</actual-notes>
          <normal-notes>2</normal-notes>
          </time-modification>
        <stem>up</stem>
        <notations>
          <tuplet type="stop"/>
          <articulations>
            <staccato/>
            </articulations>
          </notations>
        </note>
      </measure>
    <measure number="6" width="214.39">
      <note default-x="13.00" default-y="-25.00" dynamics="72.22">
        <pitch>
          <step>C</step>
          <octave>3</octave>
          </pitch>
        <duration>12</duration>
        <voice>1</voice>
        <type>quarter</type>
        <stem>up</stem>
        <notations>
          <articulations>
            <staccato/>
            </articulations>
          </notations>
        </note>
      <note>
        <rest/>
        <duration>12</duration>
        <voice>1</voice>
        <type>quarter</type>
        </note>
      <note>
        <rest/>
        <duration>12</duration>
        <voice>1</voice>
        <type>quarter</type>
        </note>
      <note>
        <rest/>
        <duration>6</duration>
        <voice>1</voice>
        <type>eighth</type>
        </note>
      <attributes>
        <clef>
          <sign>G</sign>
          <line>2</line>
          </clef>
        </attributes>
      <note default-x="173.03" default-y="-65.00" dynamics="105.56">
        <pitch>
          <step>G</step>
          <octave>3</octave>
          </pitch>
        <duration>6</duration>
        <voice>1</voice>
        <type>eighth</type>
        <stem>up</stem>
        </note>
      <note default-x="173.03" default-y="-30.00" dynamics="50.00">
        <chord/>
        <pitch>
          <step>G</step>
          <octave>4</octave>
          </pitch>
        <duration>6</duration>
        <voice>1</voice>
        <type>eighth</type>
        <stem>up</stem>
        </note>
      </measure>
    <measure number="7" width="254.25">
      <note default-x="16.50" default-y="-65.00" dynamics="96.67">
        <pitch>
          <step>G</step>
          <octave>3</octave>
          </pitch>
        <duration>12</duration>
        <voice>1</voice>
        <type>quarter</type>
        <stem>up</stem>
        <notations>
          <articulations>
            <staccato/>
            </articulations>
          </notations>
        </note>
      <note>
        <rest/>
        <duration>6</duration>
        <voice>1</voice>
        <type>eighth</type>
        </note>
      <note default-x="94.36" default-y="-35.00" dynamics="67.78">
        <pitch>
          <step>F</step>
          <octave>4</octave>
          </pitch>
        <duration>6</duration>
        <voice>1</voice>
        <type>eighth</type>
        <stem>up</stem>
        </note>
      <note>
        <rest/>
        <duration>6</duration>
        <voice>1</voice>
        <type>eighth</type>
        </note>
      <attributes>
        <clef>
          <sign>F</sign>
          <line>4</line>
          </clef>
        </attributes>
      <note default-x="174.59" default-y="-10.00" dynamics="50.00">
        <pitch>
          <step>F</step>
          <octave>3</octave>
          </pitch>
        <duration>6</duration>
        <voice>1</voice>
        <type>eighth</type>
        <stem>up</stem>
        </note>
      <note default-x="204.54" default-y="-10.00" dynamics="70.00">
        <pitch>
          <step>F</step>
          <octave>3</octave>
          </pitch>
        <duration>12</duration>
        <voice>1</voice>
        <type>quarter</type>
        <stem>up</stem>
        <notations>
          <articulations>
            <staccato/>
            </articulations>
          </notations>
        </note>
      <backup>
        <duration>48</duration>
        </backup>
      <note>
        <rest/>
        <duration>12</duration>
        <voice>2</voice>
        <type>quarter</type>
        </note>
      <note default-x="64.42" default-y="-70.00" dynamics="85.56">
        <pitch>
          <step>F</step>
          <octave>3</octave>
          </pitch>
        <duration>12</duration>
        <voice>2</voice>
        <type>quarter</type>
        <stem>down</stem>
        </note>
      <note>
        <rest/>
        <duration>24</duration>
        <voice>2</voice>
        <type>half</type>
        </note>
      </measure>
    <measure number="8" width="198.31">
      <note default-x="13.00" default-y="-10.00" dynamics="82.22">
        <pitch>
          <step>F</step>
          <octave>3</octave>
          </pitch>
        <duration>8</duration>
        <voice>1</voice>
        <type>quarter</type>
        <time-modification>
          <actual-notes>3</actual-notes>
          <normal-notes>2</normal-notes>
          </time-modification>
        <stem>down</stem>
        <notations>
          <tuplet type="start" bracket="yes"/>
          </notations>
        </note>
      <note default-x="41.38" default-y="-15.00" dynamics="56.67">
        <pitch>
          <step>E</step>
          <octave>3</octave>
          </pitch>
        <duration>8</duration>
        <voice>1</voice>
        <type>quarter</type>
        <time-modification>
          <actual-notes>3</actual-notes>
          <normal-notes>2</normal-notes>
          </time-modification>
        <stem>down</stem>
        <notations>
          <articulations>
            <staccato/>
            </articulations>
          </notations>
        </note>
      <note default-x="69.75" default-y="-25.00" dynamics="53.33">
        <pitch>
          <step>C</step>
          <octave>3</octave>
          </pitch>
        <duration>8</duration>
        <voice>1</voice>
        <type>quarter</type>
        <time-modification>
          <actual-notes>3</actual-notes>
          <normal-notes>2</normal-notes>
          </time-modification>
        <stem>up</stem>
        <notations>
          <tuplet type="stop"/>
          </notations>
        </note>
      <note default-x="98.13" default-y="-25.00" dynamics="91.11">
        <pitch>
          <step>C</step>
          <octave>3</octave>
          </pitch>
        <duration>4</duration>
        <voice>1</voice>
        <type>eighth</type>
        <time-modification>
          <actual-notes>3</actual-notes>
          <normal-notes>2</normal-notes>
          <normal-type>eighth</normal-type>
          </time-modification>
        <stem>up</stem>
        <notations>
          <tuplet type="start" bracket="yes"/>
          </notations>
        </note>
      <note default-x="124.69" default-y="-25.00" dynamics="82.22">
        <pitch>
          <step>C</step>
          <octave>3</octave>
          </pitch>
        <duration>8</duration>
        <voice>1</voice>
        <type>quarter</type>
        <time-modification>
          <actual-notes>3</actual-notes>
          <normal-notes>2</normal-notes>
          <normal-type>eighth</normal-type>
          </time-modification>
        <stem>up</stem>
        <notations>
          <tuplet type="stop"/>
          </notations>
        </note>
      <note>
        <rest/>
        <duration>12</duration>
        <voice>1</voice>
        <type>quarter</type>
        </note>
      <barline location="right">
        <bar-style>light-heavy</bar-style>
        </barline>
      </measure>
    </part>
  </score-partwise>
