<?xml version="1.0" encoding="UTF-8"?>
<!DOCTYPE score-partwise PUBLIC "-//Recordare//DTD MusicXML 3.1 Partwise//EN" "http://www.musicxml.org/dtds/partwise.dtd">
<score-partwise version="3.1">
  <identification>
    <encoding>
      <software>MuseScore 3.6.2</software>
      <encoding-date>2025-02-27</encoding-date>
      <supports element="accidental" type="yes"/>
      <supports element="beam" type="yes"/>
      <supports element="print" attribute="new-page" type="yes" value="yes"/>
      <supports element="print" attribute="new-system" type="yes" value="yes"/>
      <supports element="stem" type="yes"/>
      </encoding>
    </identification>
  <defaults>
    <scaling>
      <millimeters>6.99911</millimeters>
      <tenths>40</tenths>
      </scaling>
    <page-layout>
      <page-height>1697.36</page-height>
      <page-width>1200.15</page-width>
      <page-margins type="even">
        <left-margin>85.7252</left-margin>
        <right-margin>85.7252</right-margin>
        <top-margin>85.7252</top-margin>
        <bottom-margin>85.7252</bottom-margin>
        </page-margins>
      <page-margins type="odd">
        <left-margin>85.7252</left-margin>
        <right-margin>85.7252</right-margin>
        <top-margin>85.7252</top-margin>
        <bottom-margin>85.7252</bottom-margin>
        </page-margins>
      </page-layout>
    <word-font font-family="Edwin" font-size="10"/>
    <lyric-font font-family="Edwin" font-size="10"/>
    </defaults>
  <part-list>
    <score-part id="P1">
      <part-name>Piano elettrico</part-name>
      <part-abbreviation>P-no el.</part-abbreviation>
      <score-instrument id="P1-I1">
        <instrument-name>Piano elettrico</instrument-name>
        </score-instrument>
      <midi-device id="P1-I1" port="1"></midi-device>
      <midi-instrument id="P1-I1">
        <midi-channel>1</midi-channel>
        <midi-program>5</midi-program>
        <volume>78.7402</volume>
        <pan>0</pan>
        </midi-instrument>
      </score-part>
    </part-list>
  <part id="P1">
    <measure number="1" width="302.23">
      <print>
        <system-layout>
          <system-margins>
            <left-margin>63.90</left-margin>
            <right-margin>0.00</right-margin>
            </system-margins>
          <top-system-distance>70.00</top-system-distance>
          </system-layout>
        <staff-layout number="2">
          <staff-distance>65.00</staff-distance>
          </staff-layout>
        </print>
      <attributes>
        <divisions>12</divisions>
        <key>
          <fifths>0</fifths>
          </key>
        <time>
          <beats>3</beats>
          <beat-type>4</beat-type>
          </time>
        <staves>2</staves>
        <clef number="1">
          <sign>G</sign>
          <line>2</line>
          </clef>
        <clef number="2">
          <sign>F</sign>
          <line>4</line>
          </clef>
        </attributes>
      <direction placement="above">
        <direction-type>
          <metronome parentheses="no" default-x="-41.18" relative-y="20.00">
            <beat-unit>quarter</beat-unit>
            <per-minute>152</per-minute>
            </metronome>
          </direction-type>
        <staff>1</staff>
        <sound tempo="152"/>
        </direction>
      <note default-x="86.99" default-y="-65.00" dynamics="78.89">
        <pitch>
          <step>G</step>
          <octave>3</octave>
          </pitch>
        <duration>6</duration>
        <voice>1</voice>
        <type>eighth</type>
        <stem>up</stem>
        <staff>1</staff>
        <beam number="1">begin</beam>
        </note>
      <note default-x="117.04" default-y="-65.00" dynamics="93.33">
        <pitch>
          <step>G</step>
          <octave>3</octave>
          </pitch>
        <duration>6</duration>
        <voice>1</voice>
        <type>eighth</type>
        <stem>up</stem>
        <staff>1</staff>
        <beam number="1">end</beam>
        </note>
      <note>
        <rest/>
        <duration>3</duration>
        <voice>1</voice>
        <type>16th</type>
        <staff>1</staff>
        </note>
      <note default-x="173.47" default-y="-20.00" dynamics="45.56">
        <pitch>
          <step>B</step>
          <alter>-1</alter>
          <octave>4</octave>
          </pitch>
        <duration>9</duration>
        <voice>1</voice>
        <type>eighth</type>
        <dot/>
        <accidental>flat</accidental>
        <stem>down</stem>
        <staff>1</staff>
        </note>
      <note default-x="215.42" default-y="-65.00" dynamics="50.00">
        <pitch>
          <step>G</step>
          <alter>1</alter>
          <octave>3</octave>
          </pitch>
        <duration>8</duration>
        <voice>1</voice>
        <type>quarter</type>
        <accidental>sharp</accidental>
        <time-modification>
          <actual-notes>3</actual-notes>
          <normal-notes>2</normal-notes>
          <normal-type>eighth</normal-type>
          </time-modification>
        <stem>up</stem>
        <staff>1</staff>
        <notations>
          <tuplet type="start" bracket="yes"/>
          </notations>
        </note>
      <note default-x="260.88" default-y="-25.00" dynamics="57.78">
        <pitch>
          <step>A</step>
          <octave>4</octave>
          </pitch>
        <duration>4</duration>
        <voice>1</voice>
        <type>eighth</type>
        <time-modification>
          <actual-notes>3</actual-notes>
          <normal-notes>2</normal-notes>
          <normal-type>eighth</normal-type>
          </time-modification>
        <stem>up</stem>
        <staff>1</staff>
        <notations>
          <tuplet type="stop"/>
          </notations>
        </note>
      <backup>
        <duration>36</duration>
        </backup>
      <note>
        <rest/>
        <duration>12</duration>
        <voice>5</voice>
        <type>quarter</type>
        <staff>2</staff>
        </note>
      <note default-x="147.09" default-y="-100.00" dynamics="96.67">
        <pitch>
          <step>B</step>
          <alter>-1</alter>
          <octave>3</octave>
          </pitch>
        <duration>12</duration>
        <voice>5</voice>
        <type>quarter</type>
        <accidental>flat</accidental>
        <stem>down</stem>
        <staff>2</staff>
        </note>
      <note>
        <rest/>
        <duration>6</duration>
        <voice>5</voice>
        <type>eighth</type>
        <staff>2</staff>
        </note>
      <note default-x="245.47" default-y="-105.00" dynamics="64.44">
        <pitch>
          <step>A</step>
          <octave>3</octave>
          </pitch>
        <duration>6</duration>
        <voice>5</voice>
        <type>eighth</type>
        <stem>down</stem>
        <staff>2</staff>
        </note>
      </measure>
    <measure number="2" width="164.89">
      <note>
        <rest/>
        <duration>12</duration>
        <voice>1</voice>
        <type>quarter</type>
        <staff>1</staff>
        </note>
      <attributes>
        <clef number="1">
          <sign>F</sign>
          <line>4</line>
          </clef>
        </attributes>
      <note default-x="65.15" default-y="-10.00" dynamics="80.00">
        <pitch>
          <step>F</step>
          <octave>3</octave>
          </pitch>
        <duration>6</duration>
        <voice>1</voice>
        <type>eighth</type>
        <stem>down</stem>
        <staff>1</staff>
        <beam number="1">begin</beam>
        </note>
      <note default-x="94.60" default-y="-10.00" dynamics="45.56">
        <pitch>
          <step>F</step>
          <alter>1</alter>
          <octave>3</octave>
          </pitch>
        <duration>6</duration>
        <voice>1</voice>
        <type>eighth</type>
        <accidental>sharp</accidental>
        <stem>down</stem>
        <staff>1</staff>
        <beam number="1">end</beam>
        </note>
      <note>
        <rest/>
        <duration>12</duration>
        <voice>1</voice>
        <type>quarter</type>
        <staff>1</staff>
        </note>
      <backup>
        <duration>36</duration>
        </backup>
      <note>
        <rest measure="yes"/>
        <duration>36</duration>
        <voice>5</voice>
        <staff>2</staff>
        </note>
      </measure>
    <measure number="3" width="154.80">
      <attributes>
        <clef number="1" after-barline="yes">
          <sign>G</sign>
          <line>2</line>
          </clef>
        </attributes>
      <note default-x="41.97" default-y="-65.00" dynamics="42.22">
        <pitch>
          <step>G</step>
          <alter>1</alter>
          <octave>3</octave>
          </pitch>
        <duration>12</duration>
        <voice>1</voice>
        <type>quarter</type>
        <accidental>sharp</accidental>
        <stem>up</stem>
        <staff>1</staff>
        </note>
      <note default-x="73.60" default-y="-30.00" dynamics="46.67">
        <pitch>
          <step>G</step>
          <octave>4</octave>
          </pitch>
        <duration>12</duration>
        <voice>1</voice>
        <type>quarter</type>
        <stem>up</stem>
        <staff>1</staff>
        <notations>
          <articulations>
            <staccato/>
            </articulations>
          </notations>
        </note>
      <note default-x="105.23" default-y="-20.00" dynamics="54.44">
        <pitch>
          <step>B</step>
          <alter>-1</alter>
          <octave>4</octave>
          </pitch>
        <duration>6</duration>
        <voice>1</voice>
        <type>eighth</type>
        <accidental>flat</accidental>
        <stem>up</stem>
        <staff>1</staff>
        <beam number="1">begin</beam>
        <notations>
          <articulations>
            <staccato/>
            </articulations>
          </notations>
        </note>
      <note default-x="125.00" default-y="-65.00" dynamics="80.00">
        <pitch>
          <step>G</step>
          <alter>1</alter>
          <octave>3</octave>
          </pitch>
        <duration>6</duration>
        <voice>1</voice>
        <type>eighth</type>
        <stem>up</stem>
        <staff>1</staff>
        <beam number="1">end</beam>
        <notations>
          <articulations>
            <staccato/>
            </articulations>
          </notations>
        </note>
      <backup>
        <duration>36</duration>
        </backup>
      <note>
        <rest/>
        <duration>12</duration>
        <voice>5</voice>
        <type>quarter</type>
        <staff>2</staff>
        </note>
      <note default-x="73.60" default-y="-110.00" dynamics="86.67">
        <pitch>
          <step>G</step>
          <octave>3</octave>
          </pitch>
        <duration>12</duration>
        <voice>5</voice>
        <type>quarter</type>
        <stem>down</stem>
        <staff>2</staff>
        <notations>
          <articulations>
            <staccato/>
            </articulations>
          </notations>
        </note>
      <note default-x="105.23" default-y="-100.00" dynamics="65.56">
        <pitch>
          <step>B</step>
          <alter>-1</alter>
          <octave>3</octave>
          </pitch>
        <duration>12</duration>
        <voice>5</voice>
        <type>quarter</type>
        <accidental>flat</accidental>
        <stem>down</stem>
        <staff>2</staff>
        <notations>
          <articulations>
            <staccato/>
            </articulations>
          </notations>
        </note>
      </measure>
    <measure number="4" width="182.49">
      <note default-x="16.50" default-y="-60.00" dynamics="93.33">
        <pitch>
          <step>A</step>
          <octave>3</octave>
          </pitch>
        <duration>12</duration>
        <voice>1</voice>
        <type>quarter</type>
        <stem>up</stem>
        <staff>1</staff>
        <notations>
          <articulations>
            <staccato/>
            </articulations>
          </notations>
        </note>
      <attributes>
        <clef number="1">
          <sign>F</sign>
          <line>4</line>
          </clef>
        </attributes>
      <note default-x="70.17" default-y="-30.00" dynamics="78.89">
        <pitch>
          <step>B</step>
          <octave>2</octave>
          </pitch>
        <duration>6</duration>
        <voice>1</voice>
        <type>eighth</type>
        <stem>up</stem>
        <staff>1</staff>
        </note>
      <note default-x="97.46" default-y="-25.00" dynamics="54.44">
        <pitch>
          <step>C</step>
          <octave>3</octave>
          </pitch>
        <duration>12</duration>
        <voice>1</voice>
        <type>quarter</type>
        <stem>up</stem>
        <staff>1</staff>
        </note>
      <note default-x="141.14" default-y="-25.00" dynamics="48.89">
        <pitch>
          <step>C</step>
          <octave>3</octave>
          </pitch>
        <duration>6</duration>
        <voice>1</voice>
        <type>eighth</type>
        <stem>up</stem>
        <staff>1</staff>
        </note>
      <backup>
        <duration>36</duration>
        </backup>
      <note>
        <rest measure="yes"/>
        <duration>36</duration>
        <voice>5</voice>
        <staff>2</staff>
        </note>
      </measure>
    <measure number="5" width="66.55">
      <note>
        <rest measure="yes"/>
        <duration>36</duration>
        <voice>1</voice>
        <staff>1</staff>
        </note>
      <backup>
        <duration>36</duration>
        </backup>
      <note>
        <rest measure="yes"/>
        <duration>36</duration>
        <voice>5</voice>
        <staff>2</staff>
        </note>
      </measure>
    <measure number="6" width="93.84">
      <note default-x="13.00" default-y="-15.00" dynamics="74.44">
        <pitch>
          <step>E</step>
          <octave>3</octave>
          </pitch>
        <duration>12</duration>
        <voice>1</voice>
        <type>quarter</type>
        <stem>down</stem>
        <staff>1</staff>
        <notations>
          <articulations>
            <staccato/>
            </articulations>
          </notations>
        </note>
      <note default-x="38.52" default-y="-5.00" dynamics="90.00">
        <pitch>
          <step>G</step>
          <octave>3</octave>
          </pitch>
        <duration>12</duration>
        <voice>1</voice>
        <type>quarter</type>
        <stem>down</stem>
        <staff>1</staff>
        <notations>
          <articulations>
            <staccato/>
            </articulations>
          </notations>
        </note>
      <note default-x="64.04" default-y="-5.00" dynamics="91.11">
        <pitch>
          <step>G</step>
          <octave>3</octave>
          </pitch>
        <duration>12</duration>
        <voice>1</voice>
        <type>quarter</type>
        <stem>down</stem>
        <staff>1</staff>
        <notations>
          <articulations>
            <staccato/>
            </articulations>
          </notations>
        </note>
      <backup>
        <duration>36</duration>
        </backup>
      <note>
        <rest measure="yes"/>
        <duration>36</duration>
        <voice>5</voice>
        <staff>2</staff>
        </note>
      </measure>
    <measure number="7" width="169.41">
      <print new-system="yes">
        <system-layout>
          <system-margins>
            <left-margin>13.90</left-margin>
            <right-margin>0.00</right-margin>
            </system-margins>
          <system-distance>150.00</system-distance>
          </system-layout>
        <staff-layout number="2">
          <staff-distance>65.00</staff-distance>
          </staff-layout>
        </print>
      <note default-x="61.35" default-y="-10.00" dynamics="62.22">
        <pitch>
          <step>F</step>
          <octave>3</octave>
          </pitch>
        <duration>6</duration>
        <voice>1</voice>
        <type>eighth</type>
        <stem>down</stem>
        <staff>1</staff>
        <beam number="1">begin</beam>
        </note>
      <note default-x="78.36" default-y="-10.00" dynamics="57.78">
        <pitch>
          <step>F</step>
          <octave>3</octave>
          </pitch>
        <duration>6</duration>
        <voice>1</voice>
        <type>eighth</type>
        <stem>down</stem>
        <staff>1</staff>
        <beam number="1">end</beam>
        </note>
      <note default-x="95.37" default-y="-10.00" dynamics="86.67">
        <pitch>
          <step>F</step>
          <octave>3</octave>
          </pitch>
        <duration>12</duration>
        <voice>1</voice>
        <type>quarter</type>
        <stem>down</stem>
        <staff>1</staff>
        </note>
      <note default-x="122.60" default-y="-15.00" dynamics="80.00">
        <pitch>
          <step>E</step>
          <octave>3</octave>
          </pitch>
        <duration>6</duration>
        <voice>1</voice>
        <type>eighth</type>
        <stem>down</stem>
        <staff>1</staff>
        <beam number="1">begin</beam>
        </note>
      <note default-x="139.61" default-y="-10.00" dynamics="103.33">
        <pitch>
          <step>F</step>
          <octave>3</octave>
          </pitch>
        <duration>6</duration>
        <voice>1</voice>
        <type>eighth</type>
        <stem>down</stem>
        <staff>1</staff>
        <beam number="1">end</beam>
        </note>
      <backup>
        <duration>36</duration>
        </backup>
      <note>
        <rest measure="yes"/>
        <duration>36</duration>
        <voice>5</voice>
        <staff>2</staff>
        </note>
      </measure>
    <measure number="8" width="103.81">
      <note default-x="13.00" default-y="-15.00" dynamics="83.33">
        <pitch>
          <step>E</step>
          <octave>3</octave>
          </pitch>
        <duration>6</duration>
        <voice>1</voice>
        <type>eighth</type>
        <stem>down</stem>
        <staff>1</staff>
        <beam number="1">begin</beam>
        </note>
      <note default-x="29.95" default-y="-10.00" dynamics="73.33">
        <pitch>
          <step>F</step>
          <octave>3</octave>
          </pitch>
        <duration>6</duration>
        <voice>1</voice>
        <type>eighth</type>
        <stem>down</stem>
        <staff>1</staff>
        <beam number="1">end</beam>
        </note>
      <note>
        <rest/>
        <duration>12</duration>
        <voice>1</voice>
        <type>quarter</type>
        <staff>1</staff>
        </note>
      <note default-x="74.02" default-y="-25.00" dynamics="56.67">
        <pitch>
          <step>C</step>
          <octave>3</octave>
          </pitch>
        <duration>12</duration>
        <voice>1</voice>
        <type>quarter</type>
        <stem>up</stem>
        <staff>1</staff>
        </note>
      <backup>
        <duration>36</duration>
        </backup>
      <note>
        <rest measure="yes"/>
        <duration>36</duration>
        <voice>5</voice>
        <staff>2</staff>
        </note>
      </measure>
    <measure number="9" width="101.31">
      <note>
        <rest/>
        <duration>12</duration>
        <voice>1</voice>
        <type>quarter</type>
        <staff>1</staff>
        </note>
      <note default-x="41.84" default-y="-25.00" dynamics="53.33">
        <pitch>
          <step>C</step>
          <octave>3</octave>
          </pitch>
        <duration>12</duration>
        <voice>1</voice>
        <type>quarter</type>
        <stem>up</stem>
        <staff>1</staff>
        <notations>
          <articulations>
            <staccato/>
            </articulations>
          </notations>
        </note>
      <note default-x="70.67" default-y="-15.00" dynamics="77.78">
        <pitch>
          <step>E</step>
          <alter>-1</alter>
          <octave>3</octave>
          </pitch>
        <duration>12</duration>
        <voice>1</voice>
        <type>quarter</type>
        <accidental>flat</accidental>
        <stem>down</stem>
        <staff>1</staff>
        <notations>
          <articulations>
            <staccato/>
            </articulations>
          </notations>
        </note>
      <backup>
        <duration>36</duration>
        </backup>
      <note>
        <rest measure="yes"/>
        <duration>36</duration>
        <voice>5</voice>
        <staff>2</staff>
        </note>
      </measure>
    <measure number="10" width="199.88">
      <attributes>
        <clef number="1" after-barline="yes">
          <sign>G</sign>
          <line>2</line>
          </clef>
        </attributes>
      <note default-x="38.48" default-y="-30.00" dynamics="38.89">
        <pitch>
          <step>G</step>
          <octave>4</octave>
          </pitch>
        <duration>12</duration>
        <voice>1</voice>
        <type>quarter</type>
        <stem>up</stem>
        <staff>1</staff>
        <notations>
          <articulations>
            <staccato/>
            </articulations>
          </notations>
        </note>
      <note>
        <rest/>
        <duration>3</duration>
        <voice>1</voice>
        <type>16th</type>
        <staff>1</staff>
        </note>
      <note default-x="84.69" default-y="-65.00" dynamics="96.67">
        <pitch>
          <step>G</step>
          <octave>3</octave>
          </pitch>
        <duration>9</duration>
        <voice>1</voice>
        <type>eighth</type>
        <dot/>
        <stem>up</stem>
        <staff>1</staff>
        <notations>
          <articulations>
            <staccato/>
            </articulations>
          </notations>
        </note>
      <attributes>
        <clef number="1">
          <sign>F</sign>
          <line>4</line>
          </clef>
        </attributes>
      <note default-x="147.38" default-y="-15.00" dynamics="63.33">
        <pitch>
          <step>E</step>
          <octave>3</octave>
          </pitch>
        <duration>6</duration>
        <voice>1</voice>
        <type>eighth</type>
        <stem>down</stem>
        <staff>1</staff>
        <beam number="1">begin</beam>
        </note>
      <note default-x="170.09" default-y="-15.00" dynamics="83.33">
        <pitch>
          <step>E</step>
          <octave>3</octave>
          </pitch>
        <duration>6</duration>
        <voice>1</voice>
        <type>eighth</type>
        <stem>down</stem>
        <staff>1</staff>
        <beam number="1">end</beam>
        </note>
      <backup>
        <duration>36</duration>
        </backup>
      <note default-x="38.48" default-y="-110.00" dynamics="66.67">
        <pitch>
          <step>G</step>
          <octave>3</octave>
          </pitch>
        <duration>12</duration>
        <voice>5</voice>
        <type>quarter</type>
        <stem>down</stem>
        <staff>2</staff>
        <notations>
          <articulations>
            <staccato/>
            </articulations>
          </notations>
        </note>
      <note>
        <rest/>
        <duration>12</duration>
        <voice>5</voice>
        <type>quarter</type>
        <staff>2</staff>
        </note>
      <note>
        <rest/>
        <duration>12</duration>
        <voice>5</voice>
        <type>quarter</type>
        <staff>2</staff>
        </note>
      </measure>
    <measure number="11" width="103.81">
      <note default-x="13.00" default-y="-10.00" dynamics="57.78">
        <pitch>
          <step>F</step>
          <octave>3</octave>
          </pitch>
        <duration>12</duration>
        <voice>1</voice>
        <type>quarter</type>
        <stem>down</stem>
        <staff>1</staff>
        <notations>
          <articulations>
            <staccato/>
            </articulations>
          </notations>
        </note>
      <note>
        <rest/>
        <duration>12</duration>
        <voice>1</voice>
        <type>quarter</type>
        <staff>1</staff>
        </note>
      <note>
        <rest/>
        <duration>6</duration>
        <voice>1</voice>
        <type>eighth</type>
        <staff>1</staff>
        </note>
      <note default-x="74.02" default-y="-10.00" dynamics="38.89">
        <pitch>
          <step>F</step>
          <octave>3</octave>
          </pitch>
        <duration>6</duration>
        <voice>1</voice>
        <type>eighth</type>
        <stem>down</stem>
        <staff>1</staff>
        </note>
      <backup>
        <duration>36</duration>
        </backup>
      <note>
        <rest measure="yes"/>
        <duration>36</duration>
        <voice>5</voice>
        <staff>2</staff>
        </note>
      </measure>
    <measure number="12" width="128.95">
      <note default-x="13.00" default-y="-10.00" dynamics="77.78">
        <pitch>
          <step>F</step>
          <octave>3</octave>
          </pitch>
        <duration>12</duration>
        <voice>1</voice>
        <type>quarter</type>
        <stem>down</stem>
        <staff>1</staff>
        </note>
      <note default-x="37.65" default-y="-10.00" dynamics="73.33">
        <pitch>
          <step>F</step>
          <octave>3</octave>
          </pitch>
        <duration>12</duration>
        <voice>1</voice>
        <type>quarter</type>
        <stem>down</stem>
        <staff>1</staff>
        </note>
      <note>
        <rest/>
        <duration>6</duration>
        <voice>1</voice>
        <type>eighth</type>
        <staff>1</staff>
        </note>
      <note default-x="87.60" default-y="-25.00" dynamics="65.56">
        <pitch>
          <step>C</step>
          <alter>1</alter>
          <octave>3</octave>
          </pitch>
        <duration>6</duration>
        <voice>1</voice>
        <type>eighth</type>
        <accidental>sharp</accidental>
        <stem>up</stem>
        <staff>1</staff>
        </note>
      <backup>
        <duration>36</duration>
        </backup>
      <note>
        <rest measure="yes"/>
        <duration>36</duration>
        <voice>5</voice>
        <staff>2</staff>
        </note>
      </measure>
    <measure number="13" width="86.57">
      <note default-x="13.00" default-y="-25.00" dynamics="54.44">
        <pitch>
          <step>C</step>
          <octave>3</octave>
          </pitch>
        <duration>12</duration>
        <voice>1</voice>
        <type>quarter</type>
        <stem>up</stem>
        <staff>1</staff>
        </note>
      <note>
        <rest/>
        <duration>12</duration>
        <voice>1</voice>
        <type>quarter</type>
        <staff>1</staff>
        </note>
      <note>
        <rest/>
        <duration>12</duration>
        <voice>1</voice>
        <type>quarter</type>
        <staff>1</staff>
        </note>
      <backup>
        <duration>36</duration>
        </backup>
      <note>
        <rest measure="yes"/>
        <duration>36</duration>
        <voice>5</voice>
        <staff>2</staff>
        </note>
      </measure>
    <measure number="14" width="121.06">
      <note>
        <rest/>
        <duration>12</duration>
        <voice>1</voice>
        <type>quarter</type>
        <staff>1</staff>
        </note>
      <note>
        <rest/>
        <duration>6</duration>
        <voice>1</voice>
        <type>eighth</type>
        <staff>1</staff>
        </note>
      <note default-x="57.23" default-y="-5.00" dynamics="102.22">
        <pitch>
          <step>G</step>
          <octave>3</octave>
          </pitch>
        <duration>6</duration>
        <voice>1</voice>
        <type>eighth</type>
        <stem>down</stem>
        <staff>1</staff>
        </note>
      <note>
        <rest/>
        <duration>6</duration>
        <voice>1</voice>
        <type>eighth</type>
        <staff>1</staff>
        </note>
      <note default-x="91.26" default-y="5.00" dynamics="75.56">
        <pitch>
          <step>B</step>
          <alter>-1</alter>
          <octave>3</octave>
          </pitch>
        <duration>6</duration>
        <voice>1</voice>
        <type>eighth</type>
        <accidental>flat</accidental>
        <stem>down</stem>
        <staff>1</staff>
        </note>
      <backup>
        <duration>36</duration>
        </backup>
      <note>
        <rest measure="yes"/>
        <duration>36</duration>
        <voice>5</voice>
        <staff>2</staff>
        </note>
      </measure>
    <measure number="15" width="152.93">
      <print new-system="yes">
        <system-layout>
          <system-margins>
            <left-margin>13.90</left-margin>
            <right-margin>0.00</right-margin>
            </system-margins>
          <system-distance>150.00</system-distance>
          </system-layout>
        <staff-layout number="2">
          <staff-distance>65.00</staff-distance>
          </staff-layout>
        </print>
      <note>
        <rest/>
        <duration>12</duration>
        <voice>1</voice>
        <type>quarter</type>
        <staff>1</staff>
        </note>
      <note>
        <rest/>
        <duration>6</duration>
        <voice>1</voice>
        <type>eighth</type>
        <staff>1</staff>
        </note>
      <note default-x="105.97" default-y="-10.00" dynamics="77.78">
        <pitch>
          <step>F</step>
          <octave>3</octave>
          </pitch>
        <duration>6</duration>
        <voice>1</voice>
        <type>eighth</type>
        <stem>down</stem>
        <staff>1</staff>
        </note>
      <note default-x="123.13" default-y="-10.00" dynamics="84.44">
        <pitch>
          <step>F</step>
          <octave>3</octave>
          </pitch>
        <duration>12</duration>
        <voice>1</voice>
        <type>quarter</type>
        <stem>down</stem>
        <staff>1</staff>
        </note>
      <backup>
        <duration>36</duration>
        </backup>
      <note>
        <rest measure="yes"/>
        <duration>36</duration>
        <voice>5</voice>
        <staff>2</staff>
        </note>
      </measure>
    <measure number="16" width="153.20">
      <note>
        <rest/>
        <duration>6</duration>
        <voice>1</voice>
        <type>eighth</type>
        <staff>1</staff>
        </note>
      <note default-x="35.49" default-y="0.00" dynamics="78.89">
        <pitch>
          <step>A</step>
          <octave>3</octave>
          </pitch>
        <duration>6</duration>
        <voice>1</voice>
        <type>eighth</type>
        <stem>down</stem>
        <staff>1</staff>
        <notations>
          <articulations>
            <staccato/>
            </articulations>
          </notations>
        </note>
      <note default-x="57.97" default-y="-5.00" dynamics="82.22">
        <pitch>
          <step>G</step>
          <octave>3</octave>
          </pitch>
        <duration>12</duration>
        <voice>1</voice>
        <type>quarter</type>
        <stem>down</stem>
        <staff>1</staff>
        <notations>
          <articulations>
            <staccato/>
            </articulations>
          </notations>
        </note>
      <note default-x="93.95" default-y="5.00" dynamics="96.67">
        <pitch>
          <step>B</step>
          <alter>-1</alter>
          <octave>3</octave>
          </pitch>
        <duration>6</duration>
        <voice>1</voice>
        <type>eighth</type>
        <accidental>flat</accidental>
        <stem>down</stem>
        <staff>1</staff>
        <beam number="1">begin</beam>
        </note>
      <note default-x="123.40" default-y="-5.00" dynamics="88.89">
        <pitch>
          <step>G</step>
          <alter>1</alter>
          <octave>3</octave>
          </pitch>
        <duration>6</duration>
        <voice>1</voice>
        <type>eighth</type>
        <accidental>sharp</accidental>
        <stem>down</stem>
        <staff>1</staff>
        <beam number="1">end</beam>
        <notations>
          <articulations>
            <staccato/>
            </articulations>
          </notations>
        </note>
      <backup>
        <duration>36</duration>
        </backup>
      <note>
        <rest measure="yes"/>
        <duration>36</duration>
        <voice>5</voice>
        <staff>2</staff>
        </note>
      </measure>
    <measure number="17" width="87.34">
      <note default-x="13.00" default-y="0.00" dynamics="73.33">
        <pitch>
          <step>A</step>
          <octave>3</octave>
          </pitch>
        <duration>12</duration>
        <voice>1</voice>
        <type>quarter</type>
        <stem>down</stem>
        <staff>1</staff>
        <notations>
          <articulations>
            <staccato/>
            </articulations>
          </notations>
        </note>
      <note>
        <rest/>
        <duration>12</duration>
        <voice>1</voice>
        <type>quarter</type>
        <staff>1</staff>
        </note>
      <note default-x="57.54" default-y="-25.00" dynamics="45.56">
        <pitch>
          <step>C</step>
          <octave>3</octave>
          </pitch>
        <duration>12</duration>
        <voice>1</voice>
        <type>quarter</type>
        <stem>up</stem>
        <staff>1</staff>
        <notations>
          <articulations>
            <staccato/>
            </articulations>
          </notations>
        </note>
      <backup>
        <duration>36</duration>
        </backup>
      <note>
        <rest measure="yes"/>
        <duration>36</duration>
        <voice>5</voice>
        <staff>2</staff>
        </note>
      </measure>
    <measure number="18" width="145.03">
      <note>
        <rest/>
        <duration>12</duration>
        <voice>1</voice>
        <type>quarter</type>
        <staff>1</staff>
        </note>
      <note>
        <rest/>
        <duration>6</duration>
        <voice>1</voice>
        <type>eighth</type>
        <staff>1</staff>
        </note>
      <note default-x="65.07" default-y="-25.00" dynamics="86.67">
        <pitch>
          <step>C</step>
          <octave>3</octave>
          </pitch>
        <duration>6</duration>
        <voice>1</voice>
        <type>eighth</type>
        <stem>up</stem>
        <staff>1</staff>
        </note>
      <note>
        <rest/>
        <duration>3</duration>
        <voice>1</voice>
        <type>16th</type>
        <staff>1</staff>
        </note>
      <note default-x="106.24" default-y="-15.00" dynamics="72.22">
        <pitch>
          <step>E</step>
          <octave>3</octave>
          </pitch>
        <duration>9</duration>
        <voice>1</voice>
        <type>eighth</type>
        <dot/>
        <stem>down</stem>
        <staff>1</staff>
        <notations>
          <articulations>
            <staccato/>
            </articulations>
          </notations>
        </note>
      <backup>
        <duration>36</duration>
        </backup>
      <note>
        <rest measure="yes"/>
        <duration>36</duration>
        <voice>5</voice>
        <staff>2</staff>
        </note>
      </measure>
    <measure number="19" width="151.33">
      <note>
        <rest/>
        <duration>2</duration>
        <voice>1</voice>
        <type>16th</type>
        <time-modification>
          <actual-notes>3</actual-notes>
          <normal-notes>2</normal-notes>
          <normal-type>eighth</normal-type>
          </time-modification>
        <staff>1</staff>
        <notations>
          <tuplet type="start" bracket="yes"/>
          </notations>
        </note>
      <note default-x="28.75" default-y="-5.00" dynamics="46.67">
        <pitch>
          <step>G</step>
          <octave>3</octave>
          </pitch>
        <duration>6</duration>
        <voice>1</voice>
        <type>eighth</type>
        <dot/>
        <time-modification>
          <actual-notes>3</actual-notes>
          <normal-notes>2</normal-notes>
          <normal-type>eighth</normal-type>
          </time-modification>
        <stem>down</stem>
        <staff>1</staff>
        <beam number="1">begin</beam>
        </note>
      <note default-x="52.75" default-y="-5.00" dynamics="64.44">
        <pitch>
          <step>G</step>
          <octave>3</octave>
          </pitch>
        <duration>4</duration>
        <tie type="start"/>
        <voice>1</voice>
        <type>eighth</type>
        <time-modification>
          <actual-notes>3</actual-notes>
          <normal-notes>2</normal-notes>
          <normal-type>eighth</normal-type>
          </time-modification>
        <stem>down</stem>
        <staff>1</staff>
        <beam number="1">end</beam>
        <notations>
          <tied type="start"/>
          <tuplet type="stop"/>
          </notations>
        </note>
      <note default-x="70.78" default-y="-5.00" dynamics="64.44">
        <pitch>
          <step>G</step>
          <octave>3</octave>
          </pitch>
        <duration>12</duration>
        <tie type="stop"/>
        <voice>1</voice>
        <type>quarter</type>
        <stem>down</stem>
        <staff>1</staff>
        <notations>
          <tied type="stop"/>
          </notations>
        </note>
      <note>
        <rest/>
        <duration>6</duration>
        <voice>1</voice>
        <type>eighth</type>
        <staff>1</staff>
        </note>
      <note default-x="121.53" default-y="-10.00" dynamics="63.33">
        <pitch>
          <step>F</step>
          <octave>3</octave>
          </pitch>
        <duration>6</duration>
        <voice>1</voice>
        <type>eighth</type>
        <stem>down</stem>
        <staff>1</staff>
        </note>
      <backup>
        <duration>36</duration>
        </backup>
      <note>
        <rest measure="yes"/>
        <duration>36</duration>
        <voice>5</voice>
        <staff>2</staff>
        </note>
      </measure>
    <measure number="20" width="121.83">
      <note default-x="13.00" default-y="-10.00" dynamics="62.22">
        <pitch>
          <step>F</step>
          <octave>3</octave>
          </pitch>
        <duration>12</duration>
        <voice>1</voice>
        <type>quarter</type>
        <stem>down</stem>
        <staff>1</staff>
        </note>
      <note>
        <rest/>
        <duration>6</duration>
        <voice>1</voice>
        <type>eighth</type>
        <staff>1</staff>
        </note>
      <note default-x="57.67" default-y="-10.00" dynamics="41.11">
        <pitch>
          <step>F</step>
          <octave>3</octave>
          </pitch>
        <duration>6</duration>
        <voice>1</voice>
        <type>eighth</type>
        <stem>down</stem>
        <staff>1</staff>
        </note>
      <note>
        <rest/>
        <duration>6</duration>
        <voice>1</voice>
        <type>eighth</type>
        <staff>1</staff>
        </note>
      <note default-x="92.03" default-y="-10.00" dynamics="64.44">
        <pitch>
          <step>F</step>
          <octave>3</octave>
          </pitch>
        <duration>6</duration>
        <voice>1</voice>
        <type>eighth</type>
        <stem>down</stem>
        <staff>1</staff>
        </note>
      <backup>
        <duration>36</duration>
        </backup>
      <note>
        <rest measure="yes"/>
        <duration>36</duration>
        <voice>5</voice>
        <staff>2</staff>
        </note>
      </measure>
    <measure number="21" width="87.34">
      <note default-x="13.00" default-y="-10.00" dynamics="85.56">
        <pitch>
          <step>F</step>
          <octave>3</octave>
          </pitch>
        <duration>12</duration>
        <voice>1</voice>
        <type>quarter</type>
        <stem>down</stem>
        <staff>1</staff>
        <notations>
          <articulations>
            <staccato/>
            </articulations>
          </notations>
        </note>
      <note>
        <rest/>
        <duration>12</duration>
        <voice>1</voice>
        <type>quarter</type>
        <staff>1</staff>
        </note>
      <note>
        <rest/>
        <duration>12</duration>
        <voice>1</voice>
        <type>quarter</type>
        <staff>1</staff>
        </note>
      <backup>
        <duration>36</duration>
        </backup>
      <note>
        <rest measure="yes"/>
        <duration>36</duration>
        <voice>5</voice>
        <staff>2</staff>
        </note>
      </measure>
    <measure number="22" width="115.80">
      <note default-x="13.00" default-y="-25.00" dynamics="58.89">
        <pitch>
          <step>C</step>
          <octave>3</octave>
          </pitch>
        <duration>12</duration>
        <voice>1</voice>
        <type>quarter</type>
        <stem>up</stem>
        <staff>1</staff>
        </note>
      <note>
        <rest/>
        <duration>3</duration>
        <voice>1</voice>
        <type>16th</type>
        <staff>1</staff>
        </note>
      <note default-x="58.28" default-y="-15.00" dynamics="64.44">
        <pitch>
          <step>E</step>
          <octave>3</octave>
          </pitch>
        <duration>9</duration>
        <voice>1</voice>
        <type>eighth</type>
        <dot/>
        <stem>down</stem>
        <staff>1</staff>
        <notations>
          <articulations>
            <staccato/>
            </articulations>
          </notations>
        </note>
      <note>
        <rest/>
        <duration>12</duration>
        <voice>1</voice>
        <type>quarter</type>
        <staff>1</staff>
        </note>
      <backup>
        <duration>36</duration>
        </backup>
      <note>
        <rest measure="yes"/>
        <duration>36</duration>
        <voice>5</voice>
        <staff>2</staff>
        </note>
      </measure>
    <measure number="23" width="424.67">
      <print new-system="yes">
        <system-layout>
          <system-margins>
            <left-margin>13.90</left-margin>
            <right-margin>0.00</right-margin>
            </system-margins>
          <system-distance>150.00</system-distance>
          </system-layout>
        <staff-layout number="2">
          <staff-distance>68.80</staff-distance>
          </staff-layout>
        </print>
      <attributes>
        <clef number="1" after-barline="yes">
          <sign>G</sign>
          <line>2</line>
          </clef>
        </attributes>
      <note default-x="95.32" default-y="-65.00" dynamics="76.67">
        <pitch>
          <step>G</step>
          <octave>3</octave>
          </pitch>
        <duration>12</duration>
        <voice>1</voice>
        <type>quarter</type>
        <stem>up</stem>
        <staff>1</staff>
        <notations>
          <articulations>
            <staccato/>
            </articulations>
          </notations>
        </note>
      <note default-x="182.65" default-y="-15.00" dynamics="62.22">
        <pitch>
          <step>C</step>
          <octave>5</octave>
          </pitch>
        <duration>12</duration>
        <voice>1</voice>
        <type>quarter</type>
        <stem>up</stem>
        <staff>1</staff>
        <notations>
          <articulations>
            <staccato/>
            </articulations>
          </notations>
        </note>
      <attributes>
        <clef number="1">
          <sign>F</sign>
          <line>4</line>
          </clef>
        </attributes>
      <note>
        <rest/>
        <duration>6</duration>
        <voice>1</voice>
        <type>eighth</type>
        <staff>1</staff>
        </note>
      <note>
        <rest/>
        <duration>3</duration>
        <voice>1</voice>
        <type>16th</type>
        <staff>1</staff>
        </note>
      <note default-x="383.17" default-y="-15.00" dynamics="62.22">
        <pitch>
          <step>E</step>
          <octave>3</octave>
          </pitch>
        <duration>3</duration>
        <tie type="start"/>
        <voice>1</voice>
        <type>16th</type>
        <stem>up</stem>
        <staff>1</staff>
        <notations>
          <tied type="start"/>
          </notations>
        </note>
      <backup>
        <duration>36</duration>
        </backup>
      <note>
        <rest/>
        <duration>12</duration>
        <voice>2</voice>
        <type>quarter</type>
        <staff>1</staff>
        </note>
      <note>
        <rest/>
        <duration>12</duration>
        <voice>2</voice>
        <type>quarter</type>
        <staff>1</staff>
        </note>
      <note default-x="279.97" default-y="-10.00" dynamics="65.56">
        <pitch>
          <step>F</step>
          <octave>3</octave>
          </pitch>
        <duration>12</duration>
        <voice>2</voice>
        <type>quarter</type>
        <stem>down</stem>
        <staff>1</staff>
        </note>
      <backup>
        <duration>36</duration>
        </backup>
      <note>
        <rest/>
        <duration>12</duration>
        <voice>5</voice>
        <type>quarter</type>
        <staff>2</staff>
        </note>
      <note default-x="182.65" default-y="-118.80" dynamics="62.22">
        <pitch>
          <step>F</step>
          <octave>3</octave>
          </pitch>
        <duration>12</duration>
        <voice>5</voice>
        <type>quarter</type>
        <stem>down</stem>
        <staff>2</staff>
        </note>
      <note>
        <rest/>
        <duration>12</duration>
        <voice>5</voice>
        <type>quarter</type>
        <staff>2</staff>
        </note>
      </measure>
    <measure number="24" width="283.25">
      <note default-x="13.00" default-y="-15.00" dynamics="62.22">
        <pitch>
          <step>E</step>
          <octave>3</octave>
          </pitch>
        <duration>6</duration>
        <tie type="stop"/>
        <voice>1</voice>
        <type>eighth</type>
        <stem>down</stem>
        <staff>1</staff>
        <beam number="1">begin</beam>
        <notations>
          <tied type="stop"/>
          </notations>
        </note>
      <note default-x="63.00" default-y="-10.00" dynamics="74.44">
        <pitch>
          <step>F</step>
          <octave>3</octave>
          </pitch>
        <duration>6</duration>
        <voice>1</voice>
        <type>eighth</type>
        <stem>down</stem>
        <staff>1</staff>
        <beam number="1">end</beam>
        </note>
      <note default-x="113.01" default-y="-10.00" dynamics="51.11">
        <pitch>
          <step>F</step>
          <octave>3</octave>
          </pitch>
        <duration>4</duration>
        <voice>1</voice>
        <type>eighth</type>
        <time-modification>
          <actual-notes>3</actual-notes>
          <normal-notes>2</normal-notes>
          <normal-type>eighth</normal-type>
          </time-modification>
        <stem>down</stem>
        <staff>1</staff>
        <notations>
          <tuplet type="start" bracket="yes"/>
          </notations>
        </note>
      <note default-x="150.02" default-y="-10.00" dynamics="71.11">
        <pitch>
          <step>F</step>
          <octave>3</octave>
          </pitch>
        <duration>8</duration>
        <voice>1</voice>
        <type>quarter</type>
        <time-modification>
          <actual-notes>3</actual-notes>
          <normal-notes>2</normal-notes>
          <normal-type>eighth</normal-type>
          </time-modification>
        <stem>down</stem>
        <staff>1</staff>
        <notations>
          <tuplet type="stop"/>
          </notations>
        </note>
      <note>
        <rest/>
        <duration>12</duration>
        <voice>1</voice>
        <type>quarter</type>
        <staff>1</staff>
        </note>
      <backup>
        <duration>36</duration>
        </backup>
      <note>
        <rest measure="yes"/>
        <duration>36</duration>
        <voice>5</voice>
        <staff>2</staff>
        </note>
      </measure>
    <measure number="25" width="306.88">
      <note>
        <rest/>
        <duration>6</duration>
        <voice>1</voice>
        <type>eighth</type>
        <staff>1</staff>
        </note>
      <note>
        <rest/>
        <duration>3</duration>
        <voice>1</voice>
        <type>16th</type>
        <staff>1</staff>
        </note>
      <note default-x="105.05" default-y="-25.00" dynamics="41.11">
        <pitch>
          <step>C</step>
          <octave>3</octave>
          </pitch>
        <duration>3</duration>
        <tie type="start"/>
        <voice>1</voice>
        <type>16th</type>
        <stem>up</stem>
        <staff>1</staff>
        <notations>
          <tied type="start"/>
          </notations>
        </note>
      <note default-x="140.45" default-y="-25.00" dynamics="41.11">
        <pitch>
          <step>C</step>
          <octave>3</octave>
          </pitch>
        <duration>12</duration>
        <tie type="stop"/>
        <voice>1</voice>
        <type>quarter</type>
        <stem>up</stem>
        <staff>1</staff>
        <notations>
          <tied type="stop"/>
          </notations>
        </note>
      <note>
        <rest/>
        <duration>12</duration>
        <voice>1</voice>
        <type>quarter</type>
        <staff>1</staff>
        </note>
      <backup>
        <duration>36</duration>
        </backup>
      <note>
        <rest measure="yes"/>
        <duration>36</duration>
        <voice>5</voice>
        <staff>2</staff>
        </note>
      <barline location="right">
        <bar-style>light-heavy</bar-style>
        </barline>
      </measure>
    </part>
  </score-partwise>
